# Blender 4.1.1
# www.blender.org
mtllib HelicopterBody.mtl
o Tail_part
v -0.452512 5.105244 26.859726
v 0.455727 5.105244 26.859726
v -0.452512 5.105244 27.144787
v 0.455727 5.105244 27.144787
v -0.452512 4.962712 27.106596
v 0.455727 4.962712 27.106596
v -0.452512 4.858372 27.002256
v 0.455727 4.858372 27.002256
v -0.452512 4.820181 26.859726
v 0.455727 4.820181 26.859726
v -0.452512 4.858372 26.717194
v 0.455727 4.858372 26.717194
v -0.452512 4.962712 26.612854
v 0.455727 4.962712 26.612854
v -0.452512 5.105244 26.574663
v 0.455727 5.105244 26.574663
v -0.452512 5.247775 26.612854
v 0.455727 5.247775 26.612854
v -0.452512 5.352115 26.717194
v 0.455727 5.352115 26.717194
v -0.452512 5.390306 26.859726
v 0.455727 5.390306 26.859726
v -0.452512 5.352115 27.002256
v 0.455727 5.352115 27.002256
v -0.452512 5.247775 27.106596
v 0.455727 5.247775 27.106596
v 0.241865 5.105244 27.144787
v 0.241865 4.962712 27.106596
v 0.241865 4.858372 27.002256
v 0.241865 4.820181 26.859726
v 0.241865 4.858372 26.717194
v 0.241865 4.962712 26.612854
v 0.241865 5.105244 26.574663
v 0.241865 5.247775 26.612854
v 0.241865 5.352115 26.717194
v 0.241865 5.390306 26.859726
v 0.241865 5.352115 27.002256
v 0.241865 5.247775 27.106596
v -0.287631 5.105244 27.144787
v -0.287631 4.962712 27.106596
v -0.287631 4.858372 27.002256
v -0.287631 4.820181 26.859726
v -0.287631 4.858372 26.717194
v -0.287631 4.962712 26.612854
v -0.287631 5.105244 26.574663
v -0.287631 5.247775 26.612854
v -0.287631 5.352115 26.717194
v -0.287631 5.390306 26.859726
v -0.287631 5.352115 27.002256
v -0.287631 5.247775 27.106596
v 0.144052 5.105244 27.144787
v 0.144052 4.962712 27.106596
v 0.144052 4.858372 27.002256
v 0.144052 4.820181 26.859726
v 0.144052 4.858372 26.717194
v 0.144052 4.962712 26.612854
v 0.144052 5.105244 26.574663
v 0.144052 5.247775 26.612854
v 0.144052 5.352115 26.717194
v 0.144052 5.390306 26.859726
v 0.144052 5.352115 27.002256
v 0.144052 5.247775 27.106596
v -0.212026 5.105244 27.144787
v -0.212026 4.962712 27.106596
v -0.212026 4.858372 27.002256
v -0.212026 4.820181 26.859726
v -0.212026 4.858372 26.717194
v -0.212026 4.962712 26.612854
v -0.212026 5.105244 26.574663
v -0.212026 5.247775 26.612854
v -0.212026 5.352115 26.717194
v -0.212026 5.390306 26.859726
v -0.212026 5.352115 27.002256
v -0.212026 5.247775 27.106596
v 0.241865 5.105244 29.525528
v 0.241865 4.845271 29.487337
v 0.241865 5.365217 29.487337
v 0.144052 5.105244 29.525528
v 0.144052 4.845271 29.487337
v 0.144052 5.365217 29.487337
v -0.287631 5.105244 29.525528
v -0.287631 4.845271 29.487337
v -0.287631 5.365217 29.487337
v -0.212026 5.105244 29.525528
v -0.212026 4.845271 29.487337
v -0.212026 5.365217 29.487337
vn -1.0000 -0.0000 -0.0000
vn -0.0000 -0.2588 0.9659
vn 1.0000 -0.0000 -0.0000
vn -0.0000 -0.7071 0.7071
vn -0.0000 -0.9659 0.2588
vn -0.0000 -0.9659 -0.2588
vn -0.0000 -0.7071 -0.7071
vn -0.0000 -0.2588 -0.9659
vn -0.0000 0.2588 -0.9659
vn -0.0000 0.7071 -0.7071
vn -0.0000 0.9659 -0.2588
vn -0.0000 0.9659 0.2588
vn -0.0000 0.7071 0.7071
vn -0.0000 0.2588 0.9659
vn -0.0000 0.1453 0.9894
vn -0.0000 -0.1453 0.9894
vn -0.0000 0.9988 -0.0493
vn -0.0000 -0.9988 -0.0493
vt 0.071206 0.708893
vt 0.069570 0.702785
vt 0.081785 0.702785
vt 0.071606 0.695005
vt 0.069570 0.695005
vt 0.069570 0.690570
vt 0.092363 0.708893
vt 0.094000 0.702785
vt 0.075677 0.713364
vt 0.073642 0.715000
vt 0.071606 0.715000
vt 0.071606 0.709248
vt 0.087892 0.713364
vt 0.081785 0.715000
vt 0.075677 0.695005
vt 0.073642 0.695005
vt 0.073642 0.690570
vt 0.077713 0.715000
vt 0.075677 0.715000
vt 0.075677 0.709248
vt 0.079749 0.695005
vt 0.077713 0.695005
vt 0.077713 0.690570
vt 0.079749 0.715000
vt 0.079749 0.709248
vt 0.092363 0.696678
vt 0.083821 0.695005
vt 0.081785 0.695005
vt 0.081785 0.690570
vt 0.071206 0.696678
vt 0.087892 0.692207
vt 0.085857 0.715000
vt 0.083821 0.715000
vt 0.083821 0.709248
vt 0.075677 0.692207
vt 0.087892 0.695005
vt 0.085857 0.695005
vt 0.085857 0.690570
vt 0.089928 0.715000
vt 0.087892 0.715000
vt 0.087892 0.709248
vt 0.091964 0.695005
vt 0.089928 0.695005
vt 0.089928 0.690570
vt 0.094000 0.715000
vt 0.091964 0.715000
vt 0.091964 0.709248
vt 0.069570 0.715000
vt 0.069570 0.709248
vt 0.071606 0.706617
vt 0.073642 0.706617
vt 0.073642 0.709248
vt 0.075677 0.706617
vt 0.077713 0.706617
vt 0.077713 0.709248
vt 0.079749 0.706617
vt 0.081785 0.706617
vt 0.081785 0.709248
vt 0.083821 0.706617
vt 0.085857 0.706617
vt 0.085857 0.709248
vt 0.087892 0.706617
vt 0.089928 0.706617
vt 0.089928 0.709248
vt 0.091964 0.706617
vt 0.094000 0.706617
vt 0.094000 0.709248
vt 0.071606 0.697039
vt 0.069570 0.697039
vt 0.075677 0.697039
vt 0.073642 0.697039
vt 0.079749 0.697039
vt 0.077713 0.697039
vt 0.083821 0.697039
vt 0.081785 0.697039
vt 0.087892 0.697039
vt 0.085857 0.697039
vt 0.091964 0.697039
vt 0.089928 0.697039
vt 0.071606 0.690570
vt 0.075677 0.690570
vt 0.079749 0.690570
vt 0.083821 0.690570
vt 0.087892 0.690570
vt 0.091964 0.690570
vt 0.094000 0.690570
vt 0.094000 0.695005
vt 0.094000 0.697039
vt 0.069570 0.706617
s 1
usemtl Palette
f 5/1/1 3/2/1 1/3/1
f 40/4/2 39/5/2 3/6/2
f 6/7/3 2/3/3 4/8/3
f 7/9/1 5/1/1 1/3/1
f 8/10/4 6/11/4 28/12/4
f 8/13/3 2/3/3 6/7/3
f 9/14/1 7/9/1 1/3/1
f 42/15/5 41/16/5 7/17/5
f 10/14/3 2/3/3 8/13/3
f 11/13/1 9/14/1 1/3/1
f 12/18/6 10/19/6 30/20/6
f 12/9/3 2/3/3 10/14/3
f 13/7/1 11/13/1 1/3/1
f 44/21/7 43/22/7 11/23/7
f 14/1/3 2/3/3 12/9/3
f 15/8/1 13/7/1 1/3/1
f 16/14/8 14/24/8 32/25/8
f 16/2/3 2/3/3 14/1/3
f 17/26/1 15/8/1 1/3/1
f 46/27/9 45/28/9 15/29/9
f 18/30/3 2/3/3 16/2/3
f 19/31/1 17/26/1 1/3/1
f 20/32/10 18/33/10 34/34/10
f 20/35/3 2/3/3 18/30/3
f 21/29/1 19/31/1 1/3/1
f 48/36/11 47/37/11 19/38/11
f 22/29/3 2/3/3 20/35/3
f 23/35/1 21/29/1 1/3/1
f 24/39/12 22/40/12 36/41/12
f 24/31/3 2/3/3 22/29/3
f 25/30/1 23/35/1 1/3/1
f 50/42/13 49/43/13 23/44/13
f 26/26/3 2/3/3 24/31/3
f 3/2/1 25/30/1 1/3/1
f 4/45/14 26/46/14 38/47/14
f 4/8/3 2/3/3 26/26/3
f 6/11/2 4/48/2 27/49/2
f 52/50/4 53/51/4 29/52/4
f 10/19/5 8/10/5 29/52/5
f 54/53/6 55/54/6 31/55/6
f 14/24/7 12/18/7 31/55/7
f 56/56/8 57/57/8 33/58/8
f 18/33/9 16/14/9 33/58/9
f 58/59/10 59/60/10 35/61/10
f 22/40/11 20/32/11 35/61/11
f 60/62/12 61/63/12 37/64/12
f 26/46/13 24/39/13 37/64/13
f 80/65/15 78/66/15 75/67/15
f 85/68/16 84/69/16 81/5/16
f 66/70/5 65/71/5 41/16/5
f 68/72/7 67/73/7 43/22/7
f 70/74/9 69/75/9 45/28/9
f 72/76/11 71/77/11 47/37/11
f 74/78/13 73/79/13 49/43/13
f 5/80/4 7/17/4 41/16/4
f 9/81/6 11/23/6 43/22/6
f 13/82/8 15/29/8 45/28/8
f 17/83/10 19/38/10 47/37/10
f 21/84/12 23/44/12 49/43/12
f 25/85/14 3/86/14 39/87/14
f 64/68/4 65/71/4 53/51/4
f 66/70/6 67/73/6 55/54/6
f 68/72/8 69/75/8 57/57/8
f 70/74/10 71/77/10 59/60/10
f 72/76/12 73/79/12 61/63/12
f 74/78/14 63/88/14 51/66/14
f 76/12/16 75/49/16 78/89/16
f 30/20/5 29/52/5 53/51/5
f 32/25/7 31/55/7 55/54/7
f 34/34/9 33/58/9 57/57/9
f 36/41/11 35/61/11 59/60/11
f 38/47/13 37/64/13 61/63/13
f 52/50/2 51/89/2 63/69/2
f 54/53/5 53/51/5 65/71/5
f 56/56/7 55/54/7 67/73/7
f 58/59/9 57/57/9 69/75/9
f 60/62/11 59/60/11 71/77/11
f 62/65/13 61/63/13 73/79/13
f 40/4/4 41/16/4 65/71/4
f 42/15/6 43/22/6 67/73/6
f 44/21/8 45/28/8 69/75/8
f 46/27/10 47/37/10 71/77/10
f 48/36/12 49/43/12 73/79/12
f 83/42/15 81/87/15 84/88/15
f 77/47/3 75/67/3 27/67/3
f 80/65/17 77/47/17 38/47/17
f 78/66/1 80/65/1 62/65/1
f 79/50/1 78/89/1 51/89/1
f 76/12/18 79/50/18 52/50/18
f 75/49/3 76/12/3 28/12/3
f 82/4/1 81/5/1 39/5/1
f 85/68/18 82/4/18 40/4/18
f 84/69/3 85/68/3 64/68/3
f 86/78/3 84/88/3 63/88/3
f 83/42/17 86/78/17 74/78/17
f 81/87/1 83/42/1 50/42/1
f 5/80/2 40/4/2 3/6/2
f 29/52/4 8/10/4 28/12/4
f 9/81/5 42/15/5 7/17/5
f 31/55/6 12/18/6 30/20/6
f 13/82/7 44/21/7 11/23/7
f 33/58/8 16/14/8 32/25/8
f 17/83/9 46/27/9 15/29/9
f 35/61/10 20/32/10 34/34/10
f 21/84/11 48/36/11 19/38/11
f 37/64/12 24/39/12 36/41/12
f 25/85/13 50/42/13 23/44/13
f 27/67/14 4/45/14 38/47/14
f 28/12/2 6/11/2 27/49/2
f 28/12/4 52/50/4 29/52/4
f 30/20/5 10/19/5 29/52/5
f 30/20/6 54/53/6 31/55/6
f 32/25/7 14/24/7 31/55/7
f 32/25/8 56/56/8 33/58/8
f 34/34/9 18/33/9 33/58/9
f 34/34/10 58/59/10 35/61/10
f 36/41/11 22/40/11 35/61/11
f 36/41/12 60/62/12 37/64/12
f 38/47/13 26/46/13 37/64/13
f 77/47/15 80/65/15 75/67/15
f 82/4/16 85/68/16 81/5/16
f 42/15/5 66/70/5 41/16/5
f 44/21/7 68/72/7 43/22/7
f 46/27/9 70/74/9 45/28/9
f 48/36/11 72/76/11 47/37/11
f 50/42/13 74/78/13 49/43/13
f 40/4/4 5/80/4 41/16/4
f 42/15/6 9/81/6 43/22/6
f 44/21/8 13/82/8 45/28/8
f 46/27/10 17/83/10 47/37/10
f 48/36/12 21/84/12 49/43/12
f 50/42/14 25/85/14 39/87/14
f 52/50/4 64/68/4 53/51/4
f 54/53/6 66/70/6 55/54/6
f 56/56/8 68/72/8 57/57/8
f 58/59/10 70/74/10 59/60/10
f 60/62/12 72/76/12 61/63/12
f 62/65/14 74/78/14 51/66/14
f 79/50/16 76/12/16 78/89/16
f 54/53/5 30/20/5 53/51/5
f 56/56/7 32/25/7 55/54/7
f 58/59/9 34/34/9 57/57/9
f 60/62/11 36/41/11 59/60/11
f 62/65/13 38/47/13 61/63/13
f 64/68/2 52/50/2 63/69/2
f 66/70/5 54/53/5 65/71/5
f 68/72/7 56/56/7 67/73/7
f 70/74/9 58/59/9 69/75/9
f 72/76/11 60/62/11 71/77/11
f 74/78/13 62/65/13 73/79/13
f 64/68/4 40/4/4 65/71/4
f 66/70/6 42/15/6 67/73/6
f 68/72/8 44/21/8 69/75/8
f 70/74/10 46/27/10 71/77/10
f 72/76/12 48/36/12 73/79/12
f 86/78/15 83/42/15 84/88/15
f 38/47/3 77/47/3 27/67/3
f 62/65/17 80/65/17 38/47/17
f 51/66/1 78/66/1 62/65/1
f 52/50/1 79/50/1 51/89/1
f 28/12/18 76/12/18 52/50/18
f 27/49/3 75/49/3 28/12/3
f 40/4/1 82/4/1 39/5/1
f 64/68/18 85/68/18 40/4/18
f 63/69/3 84/69/3 64/68/3
f 74/78/3 86/78/3 63/88/3
f 50/42/17 83/42/17 74/78/17
f 39/87/1 81/87/1 50/42/1
o Copter
v 1.047616 3.724683 4.738510
v 1.047616 3.951169 7.319636
v 1.473448 3.821876 4.738510
v 1.375179 4.025933 7.319636
v 1.814937 4.094205 4.738510
v 1.637863 4.235417 7.319636
v 2.004450 4.487732 4.738510
v 1.783642 4.538130 7.319636
v 2.004450 4.924514 4.738510
v 1.783642 4.874116 7.319636
v 1.814937 5.318041 4.738509
v 1.637863 5.176830 7.319635
v 1.473447 5.590370 4.738509
v 1.375179 5.386313 7.319635
v 1.047616 5.687563 4.738509
v 1.047616 5.461078 7.319635
v 0.621785 5.590370 4.738509
v 0.720054 5.386313 7.319635
v 0.280295 5.318041 4.738510
v 0.457370 5.176830 7.319635
v 0.090783 4.924514 4.738510
v 0.311591 4.874116 7.319636
v 0.090783 4.487732 4.738510
v 0.311591 4.538130 7.319636
v 0.280295 4.094205 5.054280
v 0.457370 4.235417 7.319636
v 0.621785 3.821876 4.738510
v 0.720054 4.025933 7.319636
v 1.047616 4.107445 7.452443
v 1.307373 4.166733 7.452443
v 0.787860 4.166733 7.452443
v 1.515682 4.332853 7.452443
v 0.579551 4.332853 7.452443
v 1.631285 4.572905 7.452443
v 0.463948 4.572905 7.452443
v 1.631285 4.839342 7.452443
v 0.463948 4.839342 7.452443
v 1.515682 5.079393 7.452443
v 0.579551 5.079393 7.452443
v 1.307373 5.245514 7.452443
v 0.787859 5.245514 7.452443
v 1.047616 5.304802 7.452443
v 1.047616 4.107445 6.233901
v 1.307373 4.166732 6.233901
v 0.787860 4.166732 6.233901
v 1.515682 4.332853 6.233901
v 0.579551 4.332853 6.233901
v 1.631285 4.572905 6.233901
v 0.463948 4.572905 6.233901
v 1.631285 4.839342 6.233901
v 0.463948 4.839342 6.233901
v 1.515682 5.079393 6.233901
v 0.579551 5.079393 6.233901
v 1.307373 5.245514 6.233901
v 0.787859 5.245514 6.233901
v 1.047616 5.304802 6.233901
v 1.047616 3.724683 6.580003
v 1.473448 3.821876 6.580002
v 1.814937 4.094205 6.580002
v 2.004450 4.487732 6.580002
v 2.004450 4.924514 6.580002
v 1.814937 5.318041 6.580002
v 1.473447 5.590371 6.580002
v 1.047616 5.687564 6.580002
v 0.621785 5.590371 6.580002
v 0.280295 5.318041 6.580002
v 0.090783 4.924514 6.580002
v 0.090783 4.487732 6.580002
v 0.280295 4.094205 6.895773
v 0.621785 3.821876 6.580002
v 1.047616 3.951169 6.684197
v 1.375179 4.025933 6.684197
v 1.637863 4.235417 6.684197
v 1.783642 4.538130 6.684197
v 1.783642 4.874116 6.684197
v 1.637863 5.176829 6.684197
v 1.375179 5.386313 6.684197
v 1.047616 5.461078 6.684197
v 0.720054 5.386313 6.684197
v 0.457369 5.176829 6.684197
v 0.311591 4.874116 6.684197
v 0.311591 4.538130 6.684197
v 0.457370 4.235417 6.684197
v 0.720054 4.025933 6.684197
v -1.085111 3.724682 4.738510
v -1.085111 3.951169 7.319636
v -0.659281 3.821876 4.738510
v -0.757549 4.025933 7.319636
v -0.317791 4.094205 4.738510
v -0.494865 4.235417 7.319636
v -0.128278 4.487732 4.738510
v -0.349086 4.538130 7.319636
v -0.128278 4.924514 4.738510
v -0.349086 4.874116 7.319636
v -0.317791 5.318041 4.738510
v -0.494865 5.176829 7.319635
v -0.659281 5.590370 4.738509
v -0.757549 5.386313 7.319635
v -1.085112 5.687563 4.738509
v -1.085111 5.461078 7.319635
v -1.510942 5.590370 4.738509
v -1.412674 5.386313 7.319635
v -1.852432 5.318041 4.738510
v -1.675358 5.176829 7.319635
v -2.041945 4.924514 4.738510
v -1.821137 4.874116 7.319636
v -2.041945 4.487731 4.738510
v -1.821137 4.538130 7.319636
v -1.852432 4.094204 4.738510
v -1.675358 4.235417 7.319636
v -1.510942 3.821876 4.738510
v -1.412674 4.025933 7.319636
v -1.085111 4.107445 7.452443
v -0.825355 4.166733 7.452443
v -1.344868 4.166733 7.452443
v -0.617046 4.332853 7.452443
v -1.553177 4.332853 7.452443
v -0.501443 4.572905 7.452443
v -1.668780 4.572905 7.452443
v -0.501443 4.839342 7.452443
v -1.668780 4.839342 7.452443
v -0.617046 5.079393 7.452443
v -1.553177 5.079393 7.452443
v -0.825355 5.245514 7.452443
v -1.344868 5.245514 7.452443
v -1.085111 5.304802 7.452443
v -1.085111 4.107444 6.233901
v -0.825355 4.166732 6.233901
v -1.344868 4.166732 6.233901
v -0.617046 4.332853 6.233901
v -1.553177 4.332853 6.233901
v -0.501443 4.572905 6.233901
v -1.668780 4.572905 6.233901
v -0.501443 4.839342 6.233901
v -1.668780 4.839342 6.233901
v -0.617046 5.079393 6.233901
v -1.553177 5.079393 6.233901
v -0.825355 5.245514 6.233901
v -1.344868 5.245514 6.233901
v -1.085111 5.304802 6.233901
v -1.085111 3.724683 6.580003
v -0.659280 3.821876 6.580002
v -0.317791 4.094205 6.580002
v -0.128278 4.487732 6.580002
v -0.128278 4.924514 6.580002
v -0.317791 5.318041 6.580002
v -0.659281 5.590370 6.580002
v -1.085111 5.687563 6.580002
v -1.510942 5.590370 6.580002
v -1.852432 5.318041 6.580002
v -2.041945 4.924514 6.580002
v -2.041945 4.487732 6.580002
v -1.852432 4.094205 6.580002
v -1.510942 3.821876 6.580002
v -1.085111 3.951169 6.684197
v -0.757549 4.025933 6.684197
v -0.494865 4.235417 6.684197
v -0.349086 4.538130 6.684197
v -0.349086 4.874116 6.684197
v -0.494865 5.176829 6.684197
v -0.757549 5.386313 6.684197
v -1.085111 5.461077 6.684197
v -1.412674 5.386313 6.684197
v -1.675358 5.176829 6.684197
v -1.821137 4.874116 6.684197
v -1.821137 4.538130 6.684197
v -1.675358 4.235417 6.684197
v -1.412674 4.025933 6.684197
v -1.858388 -3.438995 -8.069552
v -1.908787 -0.877520 -8.058879
v -0.491790 3.593118 29.316494
v -0.499732 4.407065 29.452066
v 0.490105 3.538096 29.246262
v 0.502945 4.407065 29.452066
v 1.712664 -3.448037 -8.117860
v 1.912000 -0.877520 -8.058879
v -2.971305 -4.490020 0.121946
v -3.653964 3.130879 0.230358
v 3.017249 -4.502022 0.089513
v 3.410364 3.130880 0.230358
v -0.616708 1.613920 15.295349
v -0.575356 3.405939 15.295348
v 0.876811 1.620805 15.295701
v 0.578569 3.405939 15.295348
v -0.409634 1.941168 22.918736
v -0.306255 3.538023 22.918736
v 0.578338 1.946705 22.954695
v 0.309468 3.538023 22.918736
v -1.841310 -0.816725 8.938534
v -1.887397 3.297089 8.649108
v 1.637672 -0.818084 8.932551
v 1.890610 3.297089 8.649108
v -2.445340 -3.711798 5.506925
v -2.703364 3.339668 6.269864
v 2.290312 -3.724045 5.490712
v 2.696070 3.370447 6.247983
v -0.110545 9.361572 29.413660
v 0.113757 9.361572 29.413660
v -0.064254 9.361571 26.722891
v 0.067467 9.361571 26.722891
v -3.107036 -4.096013 -4.743954
v -3.232784 2.109118 -4.481942
v 2.874552 -4.106589 -4.753675
v 3.320308 2.004258 -4.481942
v -0.499732 3.845775 29.452066
v -0.457937 2.544680 27.533367
v -0.565984 2.483561 22.918736
v 0.007345 4.244887 29.811918
v 0.502945 3.845775 29.452066
v 0.007345 3.222603 29.357475
v 2.850610 0.778033 -6.208115
v 2.430793 -2.332234 -8.136834
v 2.675003 -3.848074 -6.042727
v 4.703086 -0.358267 -4.727874
v 0.007345 -0.822466 -8.515739
v -2.138163 -2.332234 -8.136834
v 0.007345 -3.254026 -8.689149
v 0.210314 9.361571 27.659166
v 0.007345 9.384280 29.548717
v -0.207102 9.361571 27.659166
v 0.007345 9.384279 26.549221
v -3.117751 -3.838264 -5.991953
v 0.007346 -4.763823 -4.743954
v -3.018845 -4.361668 -1.864860
v -4.699873 -0.358267 -4.727874
v -3.387373 2.819001 -2.077811
v -5.150334 -0.323845 0.195308
v 2.710418 -4.542994 2.801054
v 3.721512 -0.265564 6.023170
v 3.290358 3.484381 2.825374
v 5.153546 -0.323844 0.195308
v 0.007345 2.482533 -4.507088
v 3.401574 2.883211 -2.077811
v 0.007345 5.716890 0.580566
v -2.704441 -4.530869 2.825376
v 0.007277 -4.309249 5.506925
v 0.007346 -5.116476 0.121946
v -1.207400 0.421454 10.877864
v -2.440039 0.826504 8.867184
v -1.276896 3.276959 10.704643
v -0.840080 2.237147 15.297136
v 0.007345 3.809590 8.649108
v 1.280109 3.276959 10.704643
v 0.007345 3.705809 15.295348
v 0.498687 1.928100 19.740231
v 0.569198 2.483561 22.918736
v 0.371317 3.459807 19.328285
v 0.843293 2.237147 15.297136
v -0.321825 1.922375 19.715044
v 0.007345 1.832653 22.918736
v 0.006962 1.292966 15.295349
v -0.368104 3.459807 19.328285
v 0.007345 3.837893 22.918736
v 0.694466 2.553782 27.583168
v 1.255597 0.422082 10.876997
v 2.443253 0.826504 8.867184
v 0.007345 -1.114028 8.938534
v -2.242944 -2.525813 7.233670
v -3.741677 -0.265565 6.023170
v -2.426197 3.335546 7.088956
v 0.007345 3.787881 6.956716
v 2.428638 3.335546 7.088956
v 2.159217 -2.532616 7.222572
v -3.344481 3.484381 2.825374
v 0.128323 6.979811 24.915268
v -0.125110 6.979811 24.915268
v -0.305138 6.977358 29.427244
v 0.308351 6.977358 29.427244
v 3.064932 -4.372957 -1.903253
v -2.838317 0.966554 -6.048752
v -0.931362 3.273324 25.564083
v 0.007345 4.094444 29.811918
v 4.067645 -0.584926 -5.918591
v 0.007345 -2.508985 -8.898348
v 0.007345 9.384279 27.659166
v 0.007346 -4.519166 -5.991953
v -5.048845 -0.312263 -1.645283
v 4.776237 -0.317315 2.898738
v 0.007345 3.076706 -2.687400
v 0.006840 -5.159307 2.825376
v -1.717152 1.328880 10.864616
v 0.007345 3.746765 10.704642
v 0.672425 2.362679 19.788406
v 0.007345 1.648585 19.612183
v -0.669212 2.362679 19.788406
v 0.007345 3.705810 19.328285
v 0.934575 3.273324 25.564083
v 0.007346 2.259592 27.533367
v 1.720365 1.328880 10.864616
v 0.007345 0.116929 10.877864
v -3.168175 0.351068 7.234676
v 0.007345 3.775562 7.088956
v 3.195233 0.351068 7.234676
v 0.007346 -3.068173 7.233670
v -4.773023 -0.317316 2.898738
v 0.007345 5.881001 2.558947
v 0.007345 7.016450 24.741600
v 0.007345 6.884368 29.668575
v 5.052057 -0.385262 -2.164438
v 0.007346 -4.981896 -1.864860
v -4.064432 -0.584927 -5.918591
v 0.007345 1.129053 -6.381024
v 5.089145 2.393609 23.119913
v 5.088789 2.136631 21.037304
v 5.095848 2.514951 23.095257
v 5.095426 2.241018 21.020033
v -5.046770 2.392357 23.095257
v -5.055067 2.514950 23.095257
v -5.046552 2.135721 21.020033
v -5.054873 2.241017 21.020033
v -2.919025 3.454702 0.322017
v 2.737600 3.454703 0.322017
v -2.469517 3.672962 5.880845
v 2.288092 3.672963 5.565074
v -2.581803 3.170099 -1.870372
v 2.788359 3.651408 2.709146
v 2.585016 3.170099 -1.870372
v 0.007345 3.789701 6.567696
v -2.969784 3.651408 2.709146
v 0.007345 3.175011 -2.211433
v -1.962361 5.481191 0.580566
v 1.965573 5.481192 0.580566
v -1.877498 5.668471 5.356576
v 1.880710 5.668471 5.356576
v -2.139446 5.008774 -0.570824
v 2.115668 5.645302 2.558947
v 2.142658 5.008775 -0.570824
v 0.007345 5.881001 5.356576
v -2.112455 5.645302 2.558947
v 0.007345 5.225434 -0.873385
v -0.457937 3.267417 28.905628
v 0.515978 3.295541 28.827562
v -4.015153 2.815403 0.121944
v 3.795203 2.815403 0.121944
v -0.766696 3.267414 15.295348
v 0.769909 3.267414 15.295348
v -0.478886 3.268657 22.918736
v 0.482237 3.267416 22.918736
v -2.140891 2.992944 8.663433
v 2.150410 2.974252 8.664560
v -3.316253 2.815404 5.844574
v 3.307777 2.836949 5.822693
v -0.927300 3.268733 25.571711
v -0.930192 3.267416 25.538620
v 0.007345 3.158503 29.229559
v 3.789857 2.815403 2.523618
v 0.007345 2.805431 -3.829607
v 1.282679 3.267413 10.705083
v 0.933406 3.267416 25.538620
v 0.489970 3.256733 19.328285
v -0.485445 3.263369 19.328285
v 0.932604 3.267416 25.574430
v -2.846944 2.844827 7.097072
v 2.840462 2.884233 7.096178
v -3.855494 2.828068 2.569049
v 5.301428 2.393609 23.119913
v 5.301058 2.136631 21.037304
v 5.253071 2.514951 23.095257
v 5.252635 2.241018 21.020033
v -5.258988 2.392357 23.095257
v -5.212291 2.514950 23.095257
v -5.258759 2.135721 21.020033
v -5.212090 2.241017 21.020033
v 5.131530 1.152236 23.159206
v 5.131317 1.125798 21.663570
v 5.258901 1.152236 23.159206
v 5.258677 1.125798 21.663570
v -5.089170 1.150984 23.144272
v -5.089039 1.124625 21.653111
v -5.216500 1.150984 23.144272
v -5.216364 1.124625 21.653111
v -3.827774 2.571074 -1.614810
v -5.072575 -0.321112 -1.532218
v 5.075787 -0.321111 -1.532218
v 3.724499 2.507835 -1.767649
v -2.111904 -0.838320 -7.857209
v -2.987382 0.625130 -6.189282
v -3.327956 1.254690 -5.402526
v -3.658255 1.876238 -4.136978
v -4.106085 2.070371 -1.806761
v -4.625772 -0.191693 -4.466895
v -5.007941 -0.135158 -1.806882
v -4.545567 -0.220460 -4.674288
v -3.973938 -0.442091 -5.937938
v -2.358532 -0.677326 -7.536387
v 2.043453 -0.852150 -7.928362
v 3.017145 0.660761 -6.187341
v 3.554684 1.749977 -4.423936
v 3.194388 1.087597 -5.581271
v 3.889842 2.075104 -2.379439
v 4.619939 -0.171357 -4.609146
v 5.009115 -0.186545 -2.376733
v 4.534842 -0.208014 -4.780339
v 3.983795 -0.452579 -5.936518
v 2.268688 -0.716051 -7.626283
v -4.411808 2.154573 0.496894
v -4.165943 2.124016 -1.449914
v -4.195621 2.155180 2.893665
v -3.439362 2.169014 6.013455
v -3.823450 -0.333236 5.763120
v -3.677357 2.156158 5.657508
v -4.796164 -0.016511 2.898738
v -3.788262 -0.088813 5.729438
v -5.068567 -0.039660 0.507067
v -5.002488 -0.132903 -1.452216
v 5.091901 -0.109592 0.166043
v 5.004796 -0.109869 -1.995294
v 4.708553 -0.056634 2.741590
v 3.688417 -0.017269 5.987743
v 3.367872 2.815404 5.288221
v 3.874140 -0.074640 5.269886
v 4.064987 2.158828 2.743684
v 3.626029 2.159524 5.270380
v 4.157543 2.148774 0.151208
v 3.947303 2.125334 -2.037853
v 4.609544 -0.017427 3.482048
v 4.003885 2.158757 3.486956
v -4.389051 2.154637 1.326401
v -5.030957 -0.015296 1.314784
v -4.143697 2.155278 3.693337
v -4.617013 -0.019966 3.697789
v -1.974456 -0.759848 -7.947496
v 0.007345 -0.686419 -8.364362
v 2.014897 -0.693139 -7.884356
v 3.164735 1.866922 -4.781039
v 0.007345 2.256041 -4.779283
v -3.189950 1.849370 -4.785612
v -0.102215 1.123510 -6.381024
v -0.123754 2.246566 -4.779519
v 0.121401 1.122657 -6.381024
v 0.155799 2.245207 -4.779364
v 0.112831 -0.686791 -8.337845
v -0.101496 -0.690251 -8.342611
v -3.592304 1.752745 -4.483264
v 3.481626 1.605094 -4.725728
v -2.706571 -1.421132 7.234102
v -3.423441 -1.792213 5.802213
v -4.439056 -2.300917 2.864202
v -4.644077 -2.515140 0.156722
v -4.522901 -2.637773 -1.833628
v -4.359882 -2.657565 -4.737764
v -4.054922 -2.397265 -5.960476
v 4.101503 -2.383272 -5.988701
v 4.528284 -2.621511 -4.743452
v 4.861590 -2.632311 -2.419258
v 4.966983 -2.506194 0.140049
v 4.736344 -2.299756 2.852910
v 3.635247 -1.796762 5.795377
v 2.954535 -1.403036 7.227860
v 5.062125 -0.105479 0.868210
v 4.252356 2.159408 0.871418
v -4.689586 -0.499222 -4.541251
v -5.005129 -0.461079 -1.832232
v -4.535071 -2.489446 -2.014301
v -4.403599 -2.508749 -4.550816
v 4.715173 -0.521749 -4.559618
v 5.014316 -0.544889 -2.334816
v 4.565330 -2.461829 -4.572972
v 4.851045 -2.471087 -2.580644
v 0.007345 -3.769891 -7.999718
v -0.897681 1.142540 13.175332
v -0.909056 3.344587 13.092935
v 1.056987 1.146449 13.182477
v 0.912269 3.344587 13.092935
v -1.009381 3.271954 13.092935
v -1.288453 1.998332 13.207497
v 0.007345 3.725290 13.092935
v 1.291666 1.998333 13.207497
v 0.007144 0.773444 13.175332
v 1.013817 3.267413 13.093144
v 2.692791 3.029565 -2.219960
v 2.757695 2.965476 -2.453843
v -2.789048 2.972336 -2.207150
v -2.835502 2.913352 -2.426571
v 1.246559 -2.427813 -8.698365
v 0.007345 -1.352445 -8.698366
v -1.068023 -2.430457 -8.711346
v -3.424638 2.008032 -4.326391
v -3.767846 2.504977 -2.264277
v 3.436948 1.877712 -4.453075
v 3.678341 2.425148 -2.248784
v -0.642969 3.879004 28.413656
v -0.762387 3.835650 25.402723
v -0.548202 7.115812 27.024551
v -0.599807 4.300144 28.726564
v -0.931362 3.475113 25.791752
v -0.876379 3.346245 26.059349
v -0.633682 3.668123 28.245481
v -0.835913 3.268476 26.220837
v -0.499572 6.977357 27.629509
v -0.542595 7.115812 27.126436
v 0.934575 3.475113 25.791752
v -0.472319 6.168059 28.598492
v -0.647398 3.267948 27.559872
v 0.851002 3.272925 26.211601
v 0.603020 4.300144 28.726564
v -0.930557 3.479148 25.783373
v 0.673826 3.284885 27.595041
v 0.889859 3.390778 25.966877
v 0.879593 3.346245 26.059349
v 0.636896 3.668123 28.245481
v 0.592240 4.172518 28.647726
v -0.432823 5.193338 24.875990
v 0.502784 6.977357 27.629509
v 0.518904 4.997259 28.885675
v 0.394149 6.978342 26.154345
v -0.390936 6.978342 26.154345
v 0.551415 7.115812 27.024551
v 0.543120 7.115812 26.970181
v 0.765600 3.835650 25.402723
v 0.933771 3.479148 25.783373
v 0.321169 6.254139 25.251963
v -0.872694 3.342428 26.067276
v -0.632860 3.666107 28.243876
v 0.636872 3.665498 28.243389
v 0.877731 3.341280 26.069656
v 0.824702 3.163028 26.439804
v -0.650023 3.163028 27.342001
v 0.597019 4.259843 28.717365
v -0.510988 5.139421 28.918121
v -0.466995 6.724364 28.154852
v -0.776943 3.163027 26.439804
v -0.519281 7.115813 27.342001
v 0.709363 3.163028 27.342001
v -0.624109 4.259842 25.064442
v -0.601076 4.259843 28.717365
v -0.422901 7.115812 26.439804
v -0.322846 6.724363 25.626951
v -0.327106 6.018997 25.064442
v 0.323110 6.018997 25.064442
v 0.432574 5.139420 24.863684
v 0.623995 4.259842 25.064442
v -0.878844 3.554476 25.626951
v -0.468738 6.018998 28.717365
v 0.504483 5.139421 28.918121
v 0.458685 6.018998 28.717365
v 0.465384 6.724364 28.154852
v -0.622478 3.554477 28.154852
v 0.517082 7.115813 27.342001
v 0.634663 3.554477 28.154852
v -0.439157 5.139420 24.863684
v 0.429454 7.115812 26.439804
v 0.882058 3.554476 25.626951
v 0.323345 6.724363 25.626951
vn -0.3464 0.2356 0.9080
vn -0.4143 0.0620 0.9080
vn -0.4002 0.1239 0.9080
vn 0.3643 -0.9313 -0.0000
vn -0.0758 -0.9971 -0.0000
vn 0.0758 -0.9971 -0.0000
vn -0.8802 0.2155 0.4228
vn -0.6995 0.5761 0.4228
vn -0.8269 0.5624 -0.0000
vn 0.2099 -0.3626 0.9080
vn 0.3464 -0.2356 0.9080
vn 0.3068 -0.2853 0.9080
vn 0.6995 -0.5761 0.4228
vn 0.3803 -0.8226 0.4228
vn 0.5010 -0.8655 -0.0000
vn 0.4143 -0.0620 0.9080
vn 0.4002 0.1239 0.9080
vn 0.4143 0.0620 0.9080
vn 0.2733 0.6786 0.6817
vn 0.3544 0.6133 0.7059
vn 0.3543 0.6133 0.7059
vn 0.9552 -0.2958 -0.0000
vn 0.7323 -0.6810 -0.0000
vn 0.8269 -0.5624 -0.0000
vn -0.9890 -0.1479 -0.0000
vn -0.9552 0.2958 -0.0000
vn -0.9890 0.1479 -0.0000
vn 0.3068 0.2853 0.9080
vn 0.1526 0.3901 0.9080
vn 0.2099 0.3626 0.9080
vn 0.8866 0.1877 0.4228
vn 0.8802 -0.2155 0.4228
vn 0.9890 -0.1479 -0.0000
vn -0.0318 0.4177 0.9080
vn -0.2099 0.3626 0.9080
vn -0.1526 0.3901 0.9080
vn 0.0354 -0.4680 0.8830
vn 0.0318 -0.4177 0.9080
vn -0.0318 -0.4177 0.9080
vn 0.8269 0.5624 -0.0000
vn 0.9890 0.1479 -0.0000
vn 0.9552 0.2958 -0.0000
vn -0.7173 -0.5538 0.4228
vn -0.8866 -0.1877 0.4228
vn -0.9552 -0.2958 -0.0000
vn -0.0143 -0.9061 0.4228
vn 0.0759 -0.9971 -0.0000
vn 0.4060 0.8102 0.4228
vn 0.7173 0.5538 0.4228
vn 0.7323 0.6810 -0.0000
vn 0.0758 0.9971 -0.0000
vn 0.5010 0.8655 -0.0000
vn 0.3643 0.9313 -0.0000
vn -0.5010 -0.8655 -0.0000
vn -0.8269 -0.5624 -0.0000
vn -0.7323 -0.6810 -0.0000
vn -0.3803 0.8226 0.4228
vn 0.0143 0.9061 0.4228
vn -0.0759 0.9971 -0.0000
vn -0.4060 -0.8102 0.4228
vn -0.7323 0.6810 -0.0000
vn -0.3643 0.9313 -0.0000
vn -0.5010 0.8655 -0.0000
vn -0.3643 -0.9313 -0.0000
vn 0.2363 -0.6041 0.7611
vn -0.0492 -0.6468 0.7611
vn -0.3250 -0.5614 0.7611
vn 0.4750 -0.4417 0.7611
vn -0.5364 -0.3648 0.7611
vn 0.6196 -0.1919 0.7611
vn -0.6415 -0.0960 0.7611
vn 0.6415 0.0960 0.7611
vn -0.6196 0.1919 0.7611
vn 0.5364 0.3648 0.7611
vn -0.4750 0.4417 0.7611
vn 0.3250 0.5614 0.7611
vn -0.2363 0.6041 0.7611
vn 0.0492 0.6468 0.7611
vn -0.0758 0.9971 -0.0000
vn 0.5009 -0.8655 -0.0000
vn 0.1526 -0.3901 0.9080
vn 0.4002 -0.1239 0.9080
vn -0.4143 -0.0620 0.9080
vn 0.3464 0.2356 0.9080
vn 0.0318 0.4177 0.9080
vn 0.4314 0.5409 0.7220
vn -0.3068 0.2853 0.9080
vn -0.0000 -0.0000 1.0000
vn -0.4002 -0.1239 0.9080
vn -0.3068 -0.2853 0.9080
vn -0.3464 -0.2356 0.9080
vn -0.1526 -0.3901 0.9080
vn -0.5009 0.8655 -0.0000
vn -0.2099 -0.3626 0.9080
vn -0.9501 0.3065 -0.0577
vn -0.9977 -0.0197 -0.0649
vn -0.9960 -0.0552 -0.0708
vn -0.8871 0.0388 0.4599
vn -0.9906 0.0381 0.1310
vn -0.9906 -0.0000 0.1366
vn -0.9882 -0.0739 0.1340
vn -0.9277 -0.1662 0.3342
vn -0.9351 -0.3206 0.1510
vn -0.9986 -0.0391 0.0347
vn -0.9602 -0.2688 0.0757
vn -0.9351 -0.3207 0.1510
vn -0.8593 -0.4765 0.1858
vn -0.8206 -0.5010 0.2750
vn -0.9643 -0.2275 0.1357
vn -0.9620 -0.2369 0.1353
vn -0.9183 -0.3749 0.1269
vn -0.9573 -0.2557 0.1347
vn 0.0461 -0.2574 0.9652
vn -0.4388 -0.5300 0.7256
vn -0.5755 0.0149 0.8177
vn 0.9338 -0.0073 0.3577
vn 0.5937 0.0314 0.8041
vn 0.9054 -0.1880 0.3806
vn 0.0094 -0.7019 0.7122
vn 0.8609 0.4227 -0.2832
vn 0.9215 0.2138 -0.3241
vn 0.7251 0.5035 -0.4699
vn 0.6168 0.3925 -0.6822
vn 0.6168 0.5035 -0.6050
vn 0.6924 0.4521 -0.5624
vn 0.8196 -0.3517 -0.4523
vn 0.6305 -0.1518 -0.7612
vn 0.7380 0.2660 -0.6202
vn 0.0600 -0.5022 -0.8627
vn -0.0063 -0.0508 -0.9987
vn 0.2900 -0.0453 -0.9560
vn -0.0025 0.2579 -0.9662
vn -0.3096 -0.0445 -0.9498
vn 0.0298 0.9996 -0.0019
vn 0.1489 0.9889 -0.0016
vn 0.2341 0.9722 -0.0086
vn 0.0493 0.9988 0.0042
vn 0.2236 0.9746 0.0123
vn -0.1474 0.9891 0.0029
vn -0.2231 0.9746 -0.0212
vn -0.3351 0.9340 -0.1236
vn 0.0459 -0.8980 -0.4376
vn 0.3686 -0.6861 -0.6272
vn -0.4235 -0.6163 -0.6639
vn -0.4638 -0.8788 -0.1123
vn -0.5761 -0.7548 -0.3137
vn -0.0527 -0.9625 -0.2660
vn 0.0774 -0.9864 -0.1453
vn 0.4404 -0.8342 -0.3320
vn -0.9068 -0.4161 -0.0678
vn -0.4449 -0.8938 -0.0569
vn -0.5587 -0.8293 0.0120
vn -0.9782 -0.1880 -0.0883
vn -0.9824 -0.1601 -0.0959
vn -0.9818 -0.1744 -0.0754
vn -0.8592 0.4536 -0.2369
vn -0.9445 0.1983 -0.2619
vn -0.9912 0.0648 -0.1153
vn -0.7634 0.6432 -0.0595
vn -0.4993 0.8599 -0.1058
vn -0.4674 0.8559 -0.2215
vn 0.9059 0.0214 0.4229
vn 0.9074 -0.1162 0.4039
vn 0.5804 -0.5249 0.6226
vn 0.9660 0.0915 0.2418
vn 0.9335 0.0716 0.3514
vn 0.8487 -0.3250 0.4173
vn 0.9428 0.2246 0.2463
vn 0.8386 0.5302 0.1250
vn 0.8925 0.3795 0.2438
vn 0.9441 0.1453 0.2960
vn -0.0007 0.7937 -0.6084
vn -0.1458 0.7117 -0.6871
vn -0.1257 0.9582 -0.2572
vn -0.1615 0.9421 -0.2939
vn -0.1821 0.9482 -0.2604
vn 0.1382 0.9543 -0.2650
vn 0.5422 0.8152 -0.2033
vn 0.1829 0.9290 -0.3217
vn 0.1462 0.8500 -0.5061
vn 0.0050 0.9772 -0.2121
vn 0.0048 -0.9883 0.1523
vn -0.4712 -0.8595 0.1981
vn 0.0024 -0.8933 0.4494
vn -0.5835 -0.6779 0.4473
vn 0.4903 -0.7740 0.4007
vn 0.4906 -0.8600 0.1401
vn 0.0016 -0.9993 -0.0365
vn -0.9770 -0.0831 0.1965
vn -0.6660 -0.6945 0.2723
vn -0.7524 -0.6371 0.1676
vn -0.9058 -0.0693 0.4181
vn -0.5310 -0.5905 0.6078
vn -0.5939 -0.6899 0.4139
vn -0.7537 0.6370 0.1618
vn -0.5115 0.8440 0.1615
vn -0.8532 0.4079 0.3251
vn -0.8805 0.4599 0.1144
vn -0.4815 0.8753 0.0448
vn -0.0208 0.9991 0.0377
vn -0.0281 0.9989 0.0374
vn 0.5928 0.7834 0.1865
vn 0.5935 0.8023 0.0637
vn -0.0187 0.9997 0.0179
vn -0.0275 0.9995 0.0138
vn 0.9977 0.0494 0.0468
vn 0.4910 -0.8692 0.0575
vn 0.7827 -0.6034 0.1523
vn 0.9205 0.3875 -0.0498
vn 0.9857 0.1674 -0.0208
vn 0.9835 0.1791 -0.0243
vn 0.9389 0.3409 -0.0477
vn 0.9927 0.0759 -0.0938
vn 0.5977 0.8009 0.0356
vn 0.7467 0.6651 0.0042
vn 0.8838 0.4669 0.0312
vn -0.1036 -0.9926 0.0637
vn -0.5187 -0.8527 0.0618
vn -0.0655 -0.9954 0.0702
vn -0.5507 -0.8339 0.0362
vn 0.2056 -0.9768 0.0603
vn -0.0173 -0.9850 0.1714
vn -0.9236 0.3803 -0.0486
vn -0.9819 0.1878 -0.0233
vn -0.9841 0.1758 -0.0235
vn -0.9878 -0.1064 0.1141
vn -0.6593 0.7518 0.0147
vn -0.4962 0.8678 0.0276
vn -0.8289 0.5550 0.0704
vn -0.9029 0.3838 -0.1934
vn -0.9368 0.3488 0.0284
vn -0.5979 0.8015 -0.0118
vn 0.5290 0.8486 -0.0043
vn 0.6229 0.7240 -0.2962
vn 0.9941 0.0413 -0.0999
vn 0.9951 -0.0783 0.0606
vn 0.9883 -0.1214 0.0923
vn 0.9907 -0.0476 0.1273
vn 0.9916 0.0259 0.1268
vn 0.8173 -0.4710 0.3320
vn 0.9930 -0.0743 0.0913
vn 0.9926 -0.0364 0.1156
vn 0.9915 -0.0547 0.1181
vn 0.9865 -0.0909 0.1360
vn 0.9703 -0.1811 0.1605
vn 0.9887 -0.0454 0.1431
vn 0.9972 -0.0564 0.0500
vn -0.0067 -0.9529 0.3033
vn -0.4692 -0.7837 0.4069
vn 0.5438 -0.7349 0.4053
vn 0.3004 -0.9207 0.2490
vn 0.9379 -0.1090 0.3293
vn 0.5949 -0.6855 0.4197
vn 0.9832 -0.0333 0.1792
vn 0.9741 -0.1613 0.1587
vn 0.8803 0.4656 0.0911
vn 0.6601 0.7403 0.1273
vn 0.9014 0.3884 0.1912
vn 0.0315 -0.9040 0.4264
vn 0.0052 -0.9629 0.2699
vn 0.0124 -0.7607 0.6490
vn -0.8253 -0.3134 0.4697
vn -0.4622 -0.6194 0.6346
vn -0.8958 -0.0507 0.4415
vn -0.9358 -0.0156 0.3522
vn -0.8471 -0.3141 0.4288
vn -0.8599 0.3813 0.3395
vn -0.8126 0.5114 0.2795
vn -0.8978 0.1658 0.4081
vn -0.0140 0.9984 0.0549
vn -0.4810 0.8581 0.1799
vn -0.0121 0.9957 0.0917
vn -0.5312 0.8222 0.2047
vn 0.4919 0.8569 0.1545
vn 0.4908 0.8536 0.1745
vn 0.7962 -0.2666 0.5431
vn 0.4586 -0.6589 0.5963
vn 0.8664 0.3802 0.3238
vn 0.8283 0.4659 0.3112
vn -0.0086 -0.7428 0.6694
vn -0.8756 -0.4261 0.2277
vn -0.9675 -0.1652 0.1914
vn -0.9989 -0.0024 0.0463
vn -0.9298 -0.3660 0.0403
vn -0.9313 0.1325 0.3394
vn 0.0012 0.9991 -0.0421
vn -0.1131 0.9919 -0.0574
vn -0.1114 0.9938 0.0004
vn 0.1147 0.9770 -0.1800
vn 0.1116 0.9933 -0.0298
vn 0.0375 0.9993 0.0004
vn 0.7002 0.3898 -0.5982
vn 0.9311 0.2240 -0.2880
vn 0.9015 0.3531 -0.2502
vn 0.8695 0.3068 -0.3871
vn 0.9577 0.1953 -0.2113
vn -0.8412 0.4582 -0.2871
vn -0.8256 0.3243 -0.4618
vn -0.8798 0.2785 -0.3852
vn -0.6934 0.5393 -0.4779
vn -0.9656 0.1645 -0.2016
vn -0.9635 0.1705 -0.2065
vn -0.9595 0.1925 -0.2056
vn -0.9601 0.1956 -0.1997
vn -0.9676 0.1586 -0.1967
vn -0.9737 0.1777 -0.1429
vn -0.9574 0.2034 -0.2051
vn -0.9867 0.1590 -0.0324
vn -0.9777 0.0993 0.1851
vn -0.9905 0.0859 0.1071
vn -0.9343 0.0776 0.3479
vn -0.9908 0.1083 0.0809
vn -0.9909 0.0815 0.1072
vn -0.9897 0.0948 0.1070
vn -0.9895 0.0854 0.1162
vn -0.9892 0.0761 0.1252
vn -0.5910 0.0453 0.8054
vn -0.6844 0.0522 0.7273
vn 0.8530 0.0590 0.5186
vn 0.7875 0.0295 0.6156
vn 0.6774 0.0426 0.7344
vn 0.9306 0.0786 0.3576
vn 0.9898 0.0836 0.1150
vn 0.9913 0.0761 0.1072
vn 0.9887 0.1052 0.1069
vn 0.9904 0.1376 0.0132
vn 0.9870 0.1198 0.1068
vn 0.9876 0.1559 -0.0208
vn 0.9681 0.1866 -0.1675
vn 0.9617 0.1810 -0.2061
vn 0.9629 0.1742 -0.2064
vn 0.9651 0.1605 -0.2069
vn 0.9657 0.1629 -0.2020
vn 0.9663 0.1653 -0.1972
vn 0.9594 0.1990 -0.2000
vn 0.9877 -0.0714 -0.1394
vn 0.9876 -0.0709 -0.1404
vn 0.9874 -0.0703 -0.1419
vn 0.8875 -0.4601 0.0260
vn 0.4227 -0.9061 -0.0157
vn 0.4998 -0.8633 -0.0704
vn 0.5416 0.8366 -0.0823
vn 0.7821 0.6186 -0.0744
vn 0.4391 0.7859 -0.4354
vn 0.7886 0.5776 -0.2110
vn -0.0036 -0.9974 -0.0720
vn -0.7494 0.2917 -0.5944
vn -0.8365 -0.2277 -0.4985
vn -0.6875 0.4136 -0.5969
vn -0.5753 0.4680 -0.6709
vn -0.5960 0.4215 -0.6835
vn -0.7248 0.5500 -0.4149
vn -0.0934 0.7753 -0.6246
vn -0.3917 0.6271 -0.6733
vn -0.3097 0.7375 -0.6002
vn -0.0302 0.7703 -0.6369
vn 0.0129 0.7393 -0.6733
vn -0.1480 0.7126 -0.6858
vn 0.3841 0.6353 -0.6699
vn 0.4965 0.4770 -0.7252
vn 0.1679 0.7059 -0.6881
vn 0.0989 0.7748 -0.6244
vn 0.0012 0.8022 -0.5970
vn 0.1832 -0.1139 -0.9765
vn 0.0564 -0.3183 -0.9463
vn 0.2727 -0.0875 -0.9581
vn 0.0194 0.9948 -0.1002
vn 0.0212 0.9912 -0.1308
vn 0.0291 0.9960 -0.0848
vn -0.0207 0.1249 0.9920
vn -0.0132 0.1998 0.9797
vn -0.0414 0.1339 0.9901
vn 0.0689 -0.9956 0.0634
vn 0.0934 -0.9881 0.1219
vn 0.0259 0.0046 0.9997
vn 0.0077 0.0163 0.9998
vn 0.0388 0.0070 0.9992
vn -0.0121 0.9949 -0.0998
vn 0.0009 0.9914 -0.1309
vn -0.0182 0.9963 -0.0842
vn -0.1394 -0.1564 -0.9778
vn -0.0907 -0.0072 -0.9959
vn -0.2689 -0.0363 -0.9625
vn -0.0540 -0.9965 0.0631
vn -0.0109 -0.9924 0.1227
vn -0.5263 0.7641 -0.3730
vn -0.6831 0.7171 -0.1381
vn 0.3237 0.8595 -0.3956
vn 0.7238 0.6842 -0.0893
vn -0.0199 0.7789 0.6268
vn -0.4957 0.6822 0.5375
vn -0.7194 0.6945 0.0121
vn -0.6489 0.7586 0.0586
vn 0.7241 0.6895 0.0173
vn 0.5950 0.8035 0.0219
vn 0.6211 0.7709 0.1412
vn -0.0486 0.8027 -0.5944
vn -0.9310 0.3573 -0.0744
vn -0.9803 0.1821 0.0761
vn 0.9425 0.3298 -0.0539
vn 0.9379 0.3433 -0.0499
vn -0.0771 0.4226 0.9030
vn -0.0296 0.2622 0.9646
vn -0.9272 0.3580 0.1098
vn -0.9118 0.4096 -0.0275
vn 0.9577 0.2839 0.0481
vn 0.2370 0.3483 0.9069
vn 0.9750 0.2074 0.0802
vn -0.6557 0.2829 -0.7000
vn -0.3942 0.3749 -0.8390
vn -0.6460 0.0044 -0.7634
vn 0.6482 0.3290 -0.6868
vn -0.6279 0.5417 -0.5589
vn 0.6215 0.5488 -0.5590
vn -0.9861 0.1248 -0.1094
vn -0.9513 0.2325 -0.2025
vn -0.9258 -0.3454 0.1534
vn -0.9059 -0.3929 0.1582
vn -0.9704 -0.1991 0.1365
vn -0.9948 0.0221 -0.0995
vn -0.7074 0.5594 -0.4321
vn -0.7862 0.5522 -0.2774
vn -0.6184 0.7210 -0.3126
vn 0.8325 0.5513 0.0550
vn -0.3400 0.8176 -0.4647
vn -0.9413 -0.1835 0.2834
vn 0.9931 -0.0031 0.1170
vn -0.9992 -0.0261 0.0290
vn 0.9881 -0.1399 -0.0643
vn 0.9845 -0.1210 0.1271
vn 0.9853 -0.1150 0.1263
vn 0.9855 -0.1131 0.1261
vn 0.6959 -0.5603 0.4492
vn 0.9513 0.2325 -0.2025
vn 0.9861 0.1248 -0.1094
vn -0.8196 0.5622 0.1110
vn 0.4028 0.7106 -0.5770
vn 0.6863 0.5372 -0.4903
vn -0.0000 -0.1632 -0.9866
vn -0.0000 -0.3516 -0.9361
vn -0.0000 0.9914 -0.1309
vn -0.0000 0.1158 0.9933
vn -0.0000 0.1991 0.9800
vn -0.0000 -0.9998 0.0177
vn -0.0000 0.0197 0.9998
vn -0.0000 -0.2761 -0.9611
vn -0.0000 -0.0000 -1.0000
vn -0.9993 -0.0366 0.0029
vn -0.9994 -0.0341 0.0007
vn -0.0000 -0.5267 -0.8501
vn 0.9993 -0.0378 0.0023
vn 0.9991 -0.0415 0.0006
vn -0.0000 0.0316 0.9995
vn 0.9993 -0.0377 0.0026
vn 0.9991 -0.0415 0.0008
vn 0.9993 -0.0378 0.0025
vn -0.0000 0.0395 0.9992
vn -0.9993 -0.0366 0.0027
vn -0.9994 -0.0342 0.0005
vn -0.0000 -0.5307 -0.8476
vn 0.9968 0.0586 0.0539
vn 0.9017 -0.3574 0.2434
vn -0.9081 0.4137 -0.0654
vn -0.7724 0.6154 -0.1570
vn 0.9426 0.3319 -0.0373
vn 0.9959 0.0795 -0.0423
vn -0.4154 0.5461 -0.7275
vn -0.7074 0.6746 -0.2109
vn -0.8851 0.4382 -0.1567
vn 0.8366 0.5116 -0.1958
vn 0.7962 0.5128 -0.3213
vn 0.7179 0.5877 -0.3732
vn 0.9377 0.3223 -0.1296
vn 0.8244 0.5499 -0.1344
vn 0.9917 0.0738 -0.1053
vn -0.9188 0.3881 0.0725
vn -0.9549 0.2970 -0.0061
vn -0.9377 0.3382 -0.0797
vn -0.9303 0.3127 0.1920
vn -0.9227 0.3758 0.0867
vn -0.9923 0.0769 -0.0968
vn -0.8878 0.3078 0.3421
vn -0.9519 0.0389 0.3039
vn -0.9774 0.1468 0.1522
vn -0.9382 -0.1040 0.3302
vn -0.9871 0.1235 0.1015
vn 0.8864 0.4503 -0.1075
vn 0.9071 0.4209 -0.0040
vn 0.8612 0.4894 -0.1373
vn 0.9590 0.2618 0.1088
vn 0.9616 0.1727 0.2134
vn 0.9433 0.3011 0.1401
vn 0.9435 0.1210 0.3085
vn 0.9246 0.3556 0.1367
vn 0.9384 0.3294 0.1041
vn 0.3781 0.4053 -0.8323
vn 0.0021 0.6209 -0.7839
vn 0.0892 0.8139 -0.5741
vn -0.0814 0.7854 -0.6136
vn 0.0308 0.8378 -0.5451
vn -0.9191 -0.3674 -0.1424
vn 0.9570 -0.2766 -0.0873
vn 0.5046 -0.8362 -0.2148
vn 0.9027 -0.3788 -0.2042
vn -0.9771 -0.2022 -0.0658
vn 0.9868 -0.0761 -0.1427
vn 0.2911 -0.9184 0.2682
vn -0.0052 0.9475 -0.3197
vn -0.0105 0.9697 -0.2441
vn -0.8762 0.4526 -0.1656
vn 0.9439 0.3215 -0.0753
vn -0.4075 -0.0930 0.9085
vn -0.3845 -0.1852 0.9044
vn 0.1019 -0.4909 0.8653
vn 0.2940 -0.5432 0.7864
vn -0.9594 0.2744 -0.0652
vn 0.9092 0.4127 -0.0547
vn -0.9335 0.3556 -0.0470
vn 0.8361 0.5405 0.0934
vn 0.1127 0.9936 0.0012
vn 0.2682 -0.0004 -0.9634
vn -0.0054 0.9992 -0.0388
vn -0.0431 0.0660 0.9969
vn 0.0394 0.0113 0.9992
vn -0.0382 0.9986 -0.0373
vn -0.2680 -0.0512 -0.9620
vn 0.4037 0.1762 0.8978
vn -0.9992 -0.0390 0.0050
vn 0.9994 -0.0340 0.0043
vt 0.829086 0.359705
vt 0.828297 0.359705
vt 0.828297 0.359462
vt 0.835394 0.359705
vt 0.836183 0.359705
vt 0.836183 0.367159
vt 0.794583 0.096976
vt 0.795371 0.096976
vt 0.795371 0.100319
vt 0.834606 0.359705
vt 0.834606 0.359462
vt 0.800891 0.096976
vt 0.801680 0.096976
vt 0.801680 0.100319
vt 0.833817 0.359705
vt 0.833029 0.359705
vt 0.833029 0.359462
vt 0.827509 0.359705
vt 0.826720 0.359705
vt 0.826720 0.359462
vt 0.834606 0.367159
vt 0.828297 0.367159
vt 0.832240 0.359705
vt 0.831451 0.359705
vt 0.831451 0.359462
vt 0.799314 0.096976
vt 0.800103 0.096976
vt 0.800103 0.100319
vt 0.830663 0.359705
vt 0.829874 0.359705
vt 0.829874 0.359462
vt 0.825931 0.359705
vt 0.825143 0.359705
vt 0.825143 0.359462
vt 0.833029 0.367159
vt 0.793006 0.096976
vt 0.793794 0.096976
vt 0.793794 0.100319
vt 0.802469 0.096976
vt 0.802469 0.100319
vt 0.797737 0.096976
vt 0.798526 0.096976
vt 0.798526 0.100319
vt 0.800891 0.100319
vt 0.794583 0.100319
vt 0.831451 0.367159
vt 0.826720 0.367159
vt 0.799314 0.100319
vt 0.796160 0.096976
vt 0.796949 0.096976
vt 0.796949 0.100319
vt 0.797737 0.100319
vt 0.792217 0.096976
vt 0.793006 0.100319
vt 0.829874 0.367159
vt 0.825143 0.356119
vt 0.825931 0.356119
vt 0.825931 0.359462
vt 0.796160 0.100319
vt 0.791429 0.108016
vt 0.791429 0.096976
vt 0.835394 0.359462
vt 0.836183 0.359462
vt 0.829086 0.367159
vt 0.835394 0.367159
vt 0.833817 0.359462
vt 0.827509 0.359462
vt 0.833817 0.367159
vt 0.832240 0.359462
vt 0.827509 0.367159
vt 0.832240 0.367159
vt 0.830663 0.359462
vt 0.830663 0.367159
vt 0.829086 0.359462
vt 0.825931 0.367159
vt 0.825143 0.367159
vt 0.782596 0.098053
vt 0.786965 0.100211
vt 0.791814 0.100211
vt 0.778493 0.089315
vt 0.786965 0.078418
vt 0.782596 0.080576
vt 0.799207 0.084465
vt 0.791814 0.078418
vt 0.779572 0.094164
vt 0.779572 0.084465
vt 0.796184 0.080576
vt 0.799207 0.094164
vt 0.800286 0.089315
vt 0.077285 0.687608
vt 0.077285 0.683557
vt 0.078080 0.683557
vt 0.078887 0.688316
vt 0.078702 0.688316
vt 0.078702 0.687987
vt 0.078658 0.685151
vt 0.078887 0.683557
vt 0.078638 0.683583
vt 0.078086 0.685042
vt 0.078086 0.683639
vt 0.078184 0.683629
vt 0.078086 0.678798
vt 0.078638 0.678798
vt 0.078415 0.680707
vt 0.078194 0.682607
vt 0.078086 0.683527
vt 0.078332 0.680734
vt 0.078183 0.682012
vt 0.078086 0.683557
vt 0.818128 0.379557
vt 0.813369 0.379557
vt 0.813369 0.374798
vt 0.074128 0.688316
vt 0.069369 0.688316
vt 0.069369 0.683557
vt 0.074128 0.683557
vt 0.822887 0.379557
vt 0.818128 0.374798
vt 0.113801 0.684507
vt 0.113801 0.683767
vt 0.113952 0.684957
vt 0.832595 0.085749
vt 0.831295 0.085302
vt 0.831295 0.075729
vt 0.078281 0.680869
vt 0.078281 0.683557
vt 0.077675 0.683557
vt 0.074128 0.678798
vt 0.071943 0.683557
vt 0.074128 0.686821
vt 0.076243 0.683557
vt 0.078086 0.688316
vt 0.077285 0.688316
vt 0.078887 0.678798
vt 0.813545 0.379557
vt 0.813369 0.384316
vt 0.814581 0.384316
vt 0.813975 0.384316
vt 0.813975 0.379557
vt 0.814581 0.379557
vt 0.813975 0.374798
vt 0.071144 0.680824
vt 0.071144 0.678798
vt 0.071707 0.678798
vt 0.835144 0.091557
vt 0.834581 0.091557
vt 0.834581 0.088630
vt 0.084312 0.717426
vt 0.084312 0.716767
vt 0.085699 0.716767
vt 0.079008 0.686467
vt 0.079008 0.687100
vt 0.078445 0.687100
vt 0.074031 0.683557
vt 0.073044 0.683557
vt 0.073044 0.678798
vt 0.075784 0.683557
vt 0.075018 0.683557
vt 0.075018 0.681521
vt 0.077420 0.708690
vt 0.077419 0.709407
vt 0.077251 0.709452
vt 0.075018 0.683904
vt 0.798699 0.389767
vt 0.798699 0.378034
vt 0.800086 0.378034
vt 0.078445 0.678591
vt 0.078403 0.678529
vt 0.078445 0.677581
vt 0.078445 0.685990
vt 0.078400 0.686078
vt 0.798699 0.401500
vt 0.800086 0.389767
vt 0.816472 0.379557
vt 0.816472 0.384316
vt 0.815707 0.384316
vt 0.817238 0.379557
vt 0.817238 0.384316
vt 0.817238 0.374798
vt 0.816472 0.374798
vt 0.815707 0.379557
vt 0.807337 0.399557
vt 0.807337 0.394798
vt 0.807375 0.394798
vt 0.075212 0.683557
vt 0.075212 0.678798
vt 0.075294 0.678798
vt 0.075294 0.688316
vt 0.075212 0.688316
vt 0.075212 0.687845
vt 0.835337 0.412014
vt 0.835337 0.412316
vt 0.835294 0.412316
vt 0.835294 0.407557
vt 0.835294 0.402798
vt 0.835337 0.402798
vt 0.075294 0.683557
vt 0.835337 0.407557
vt 0.835375 0.407557
vt 0.071926 0.683557
vt 0.071926 0.678798
vt 0.072881 0.678798
vt 0.826274 0.379767
vt 0.826274 0.368034
vt 0.828628 0.368034
vt 0.070972 0.687602
vt 0.070972 0.683557
vt 0.072881 0.688316
vt 0.071926 0.688316
vt 0.071926 0.687654
vt 0.820330 0.379557
vt 0.820330 0.384316
vt 0.819375 0.384316
vt 0.821285 0.379557
vt 0.821285 0.384316
vt 0.821285 0.374798
vt 0.820330 0.374798
vt 0.819375 0.379557
vt 0.812485 0.385767
vt 0.812485 0.374034
vt 0.814838 0.374034
vt 0.079375 0.699557
vt 0.079375 0.694798
vt 0.080330 0.694798
vt 0.076330 0.688316
vt 0.075375 0.688316
vt 0.075375 0.687739
vt 0.076330 0.687684
vt 0.076330 0.683557
vt 0.076330 0.678798
vt 0.077285 0.678798
vt 0.075375 0.683557
vt 0.075375 0.678798
vt 0.070176 0.683557
vt 0.070170 0.683557
vt 0.070170 0.683518
vt 0.070052 0.682594
vt 0.070067 0.681986
vt 0.069795 0.680586
vt 0.069567 0.678798
vt 0.070170 0.678798
vt 0.069903 0.680658
vt 0.069618 0.683557
vt 0.070068 0.683557
vt 0.070102 0.684043
vt 0.069553 0.687969
vt 0.069554 0.688298
vt 0.069565 0.687317
vt 0.070169 0.684962
vt 0.822086 0.379557
vt 0.822086 0.384316
vt 0.822841 0.379557
vt 0.822638 0.384316
vt 0.822690 0.374798
vt 0.822086 0.374798
vt 0.072963 0.683557
vt 0.072963 0.678798
vt 0.832920 0.407557
vt 0.832920 0.402798
vt 0.832963 0.402798
vt 0.832920 0.412316
vt 0.832881 0.412316
vt 0.832881 0.411739
vt 0.073044 0.688316
vt 0.072963 0.688316
vt 0.072963 0.688292
vt 0.819294 0.379557
vt 0.819294 0.384316
vt 0.819212 0.384316
vt 0.807337 0.404316
vt 0.807294 0.404316
vt 0.835375 0.402798
vt 0.819294 0.374798
vt 0.819212 0.379557
vt 0.074225 0.680844
vt 0.074225 0.678798
vt 0.074225 0.683557
vt 0.073238 0.683557
vt 0.073238 0.681520
vt 0.074225 0.687783
vt 0.073238 0.687891
vt 0.073238 0.687636
vt 0.073238 0.678798
vt 0.073238 0.688316
vt 0.074225 0.688316
vt 0.074031 0.680877
vt 0.074031 0.678798
vt 0.073044 0.687808
vt 0.075018 0.688316
vt 0.074031 0.688316
vt 0.074031 0.687841
vt 0.818225 0.379557
vt 0.818225 0.384316
vt 0.819212 0.374798
vt 0.818225 0.374798
vt 0.072472 0.681317
vt 0.072472 0.678798
vt 0.072472 0.683557
vt 0.071707 0.683557
vt 0.071707 0.681054
vt 0.072691 0.699595
vt 0.072861 0.698767
vt 0.072861 0.708823
vt 0.801974 0.389767
vt 0.801974 0.378034
vt 0.803861 0.378034
vt 0.800086 0.401500
vt 0.801974 0.401500
vt 0.803861 0.389767
vt 0.077585 0.678798
vt 0.077522 0.678798
vt 0.077604 0.678798
vt 0.077764 0.678798
vt 0.077871 0.678798
vt 0.077747 0.678798
vt 0.077588 0.678798
vt 0.077844 0.678798
vt 0.078076 0.678798
vt 0.077757 0.678798
vt 0.078297 0.678798
vt 0.078884 0.678798
vt 0.078120 0.678798
vt 0.078192 0.678798
vt 0.078479 0.678798
vt 0.078634 0.678798
vt 0.078673 0.678798
vt 0.078742 0.678798
vt 0.078701 0.678798
vt 0.078886 0.678798
vt 0.078736 0.688316
vt 0.078743 0.688316
vt 0.078480 0.688316
vt 0.078297 0.688316
vt 0.078673 0.688316
vt 0.078702 0.688316
vt 0.078194 0.688316
vt 0.078088 0.688316
vt 0.078299 0.688316
vt 0.078065 0.688316
vt 0.077856 0.688316
vt 0.077769 0.688316
vt 0.077300 0.688316
vt 0.077604 0.688316
vt 0.077547 0.688316
vt 0.077764 0.688316
vt 0.077521 0.688316
vt 0.077745 0.688316
vt 0.077869 0.688316
vt 0.077587 0.688316
vt 0.841675 0.091557
vt 0.841112 0.091557
vt 0.841112 0.088876
vt 0.076550 0.681071
vt 0.076550 0.678798
vt 0.077112 0.678798
vt 0.084413 0.687100
vt 0.083851 0.687100
vt 0.083851 0.686467
vt 0.098801 0.710500
vt 0.097414 0.710500
vt 0.097414 0.710147
vt 0.815144 0.379557
vt 0.815144 0.384316
vt 0.815707 0.374798
vt 0.815144 0.374798
vt 0.070581 0.683557
vt 0.069975 0.683557
vt 0.069975 0.680840
vt 0.069369 0.678798
vt 0.069975 0.678798
vt 0.816817 0.087805
vt 0.816817 0.097356
vt 0.815583 0.097391
vt 0.084173 0.717859
vt 0.816817 0.086367
vt 0.816817 0.075034
vt 0.818176 0.075034
vt 0.073817 0.704767
vt 0.072418 0.704767
vt 0.072418 0.704155
vt 0.816817 0.098500
vt 0.815459 0.098500
vt 0.815420 0.087415
vt 0.073817 0.705229
vt 0.075200 0.704767
vt 0.070972 0.678798
vt 0.071144 0.679808
vt 0.071144 0.688316
vt 0.071707 0.688316
vt 0.071144 0.687207
vt 0.072472 0.688316
vt 0.803861 0.401500
vt 0.069426 0.687868
vt 0.078850 0.688026
vt 0.063925 0.686833
vt 0.063891 0.687100
vt 0.063891 0.686636
vt 0.100206 0.709799
vt 0.100295 0.709302
vt 0.100295 0.710500
vt 0.078066 0.685369
vt 0.077992 0.686285
vt 0.077839 0.688316
vt 0.078086 0.684985
vt 0.078082 0.685042
vt 0.078638 0.683548
vt 0.078639 0.683557
vt 0.078188 0.683531
vt 0.078607 0.682196
vt 0.084176 0.727742
vt 0.084312 0.727731
vt 0.084312 0.728153
vt 0.082388 0.686656
vt 0.082319 0.687100
vt 0.082319 0.686674
vt 0.083085 0.687100
vt 0.083085 0.686470
vt 0.077187 0.676095
vt 0.076665 0.675148
vt 0.077228 0.675148
vt 0.077183 0.683644
vt 0.077228 0.684666
vt 0.076665 0.684666
vt 0.070972 0.688316
vt 0.072881 0.683557
vt 0.072881 0.687739
vt 0.069652 0.682519
vt 0.069619 0.683533
vt 0.070067 0.683493
vt 0.070245 0.685898
vt 0.070175 0.685042
vt 0.070387 0.688316
vt 0.070972 0.687695
vt 0.070170 0.684985
vt 0.822887 0.384316
vt 0.822887 0.374798
vt 0.832963 0.407557
vt 0.832963 0.412292
vt 0.075018 0.687891
vt 0.079773 0.687100
vt 0.080539 0.687100
vt 0.079773 0.686491
vt 0.098919 0.710500
vt 0.098960 0.709777
vt 0.818000 0.376736
vt 0.818000 0.399000
vt 0.795736 0.399000
vt 0.082000 0.680736
vt 0.082000 0.703000
vt 0.059736 0.703000
vt 0.076550 0.683557
vt 0.075784 0.681325
vt 0.069086 0.708308
vt 0.069086 0.708941
vt 0.068023 0.710136
vt 0.081026 0.699345
vt 0.081026 0.698767
vt 0.082089 0.698767
vt 0.082817 0.728500
vt 0.081410 0.728500
vt 0.081583 0.727391
vt 0.818173 0.087859
vt 0.816901 0.097844
vt 0.067699 0.710500
vt 0.067699 0.710163
vt 0.084312 0.728500
vt 0.084176 0.728500
vt 0.085699 0.728163
vt 0.085699 0.728500
vt 0.819699 0.097815
vt 0.818312 0.097731
vt 0.818312 0.087426
vt 0.818176 0.097742
vt 0.082817 0.716767
vt 0.081323 0.728500
vt 0.081464 0.727395
vt 0.082817 0.717805
vt 0.094295 0.698500
vt 0.094295 0.697302
vt 0.095595 0.697749
vt 0.097414 0.709878
vt 0.098801 0.709774
vt 0.098801 0.710139
vt 0.098801 0.698767
vt 0.100295 0.698767
vt 0.100295 0.699729
vt 0.834414 0.087309
vt 0.835801 0.087507
vt 0.835801 0.097774
vt 0.082089 0.710136
vt 0.082414 0.710147
vt 0.082414 0.710500
vt 0.097414 0.698767
vt 0.098801 0.699507
vt 0.835952 0.087957
vt 0.837206 0.097799
vt 0.835960 0.097777
vt 0.837295 0.097301
vt 0.095654 0.698500
vt 0.095698 0.697785
vt 0.094295 0.686767
vt 0.069285 0.708309
vt 0.069086 0.699533
vt 0.820023 0.087353
vt 0.821086 0.087533
vt 0.821086 0.096308
vt 0.070974 0.709000
vt 0.071144 0.708367
vt 0.070974 0.708322
vt 0.071276 0.683557
vt 0.071144 0.683557
vt 0.072673 0.708773
vt 0.072861 0.709452
vt 0.071138 0.699536
vt 0.070974 0.699529
vt 0.070974 0.698767
vt 0.072692 0.698767
vt 0.068023 0.698767
vt 0.069086 0.698767
vt 0.069281 0.699533
vt 0.105026 0.699345
vt 0.105026 0.708412
vt 0.104838 0.708406
vt 0.834089 0.097614
vt 0.833026 0.096412
vt 0.833026 0.087345
vt 0.080880 0.699359
vt 0.078953 0.699532
vt 0.079139 0.698767
vt 0.079139 0.699522
vt 0.077430 0.699612
vt 0.077251 0.698767
vt 0.078936 0.708396
vt 0.079139 0.708356
vt 0.079139 0.708948
vt 0.077251 0.699622
vt 0.081026 0.708941
vt 0.081026 0.708412
vt 0.080838 0.708406
vt 0.829420 0.096690
vt 0.829430 0.087612
vt 0.830953 0.087532
vt 0.822974 0.087529
vt 0.822974 0.096322
vt 0.821285 0.096309
vt 0.824691 0.087595
vt 0.824673 0.096773
vt 0.823144 0.096367
vt 0.084323 0.710500
vt 0.084323 0.698767
vt 0.084420 0.699415
vt 0.084418 0.698155
vt 0.084418 0.698767
vt 0.082901 0.727844
vt 0.075312 0.716500
vt 0.075193 0.716500
vt 0.075200 0.705306
vt 0.075199 0.704328
vt 0.075312 0.704767
vt 0.084323 0.687034
vt 0.084410 0.687034
vt 0.075312 0.693034
vt 0.073817 0.704367
vt 0.818193 0.098500
vt 0.816817 0.087229
vt 0.815410 0.075034
vt 0.096312 0.684426
vt 0.096312 0.694731
vt 0.096176 0.694742
vt 0.113801 0.694774
vt 0.073169 0.683557
vt 0.070581 0.678798
vt 0.070581 0.680630
vt 0.077112 0.680875
vt 0.077112 0.683557
vt 0.076981 0.683557
vt 0.078281 0.678798
vt 0.077675 0.678798
vt 0.077675 0.680684
vt 0.075784 0.678798
vt 0.075018 0.678798
vt 0.831139 0.096356
vt 0.831139 0.087522
vt 0.832880 0.087359
vt 0.103000 0.678000
vt 0.103000 0.730000
vt 0.051000 0.730000
vt 0.104500 0.697335
vt 0.104500 0.725500
vt 0.076335 0.725500
vt 0.807294 0.399557
vt 0.807294 0.394798
vt 0.835375 0.411739
vt 0.835375 0.412316
vt 0.832881 0.407557
vt 0.832881 0.402798
vt 0.832963 0.412316
vt 0.807375 0.399557
vt 0.807375 0.404316
vt 0.078236 0.682340
vt 0.078445 0.682340
vt 0.076665 0.679907
vt 0.077019 0.679907
vt 0.067699 0.698767
vt 0.068023 0.699353
vt 0.067699 0.709815
vt 0.068023 0.709538
vt 0.082089 0.709614
vt 0.082414 0.709878
vt 0.082089 0.699370
vt 0.082414 0.699310
vt 0.082414 0.698767
vt 0.792217 0.100319
vt 0.802469 0.108016
vt 0.826118 0.359705
vt 0.796184 0.098053
vt 0.818054 0.374798
vt 0.822716 0.375214
vt 0.077675 0.680713
vt 0.077285 0.683897
vt 0.077297 0.679193
vt 0.814576 0.374798
vt 0.835144 0.088862
vt 0.085699 0.717280
vt 0.078577 0.686952
vt 0.073889 0.680578
vt 0.075771 0.681328
vt 0.800065 0.401500
vt 0.816478 0.374798
vt 0.807375 0.399557
vt 0.075294 0.683162
vt 0.835337 0.407478
vt 0.075294 0.683428
vt 0.075293 0.688177
vt 0.835375 0.412127
vt 0.828628 0.379490
vt 0.071926 0.687587
vt 0.072880 0.687924
vt 0.820330 0.380533
vt 0.820333 0.375324
vt 0.819378 0.374798
vt 0.814838 0.385767
vt 0.080330 0.698733
vt 0.076329 0.687916
vt 0.077285 0.687622
vt 0.077284 0.682911
vt 0.076330 0.683275
vt 0.076330 0.688010
vt 0.077285 0.687635
vt 0.822087 0.379578
vt 0.822122 0.374798
vt 0.821287 0.374798
vt 0.832962 0.407166
vt 0.832920 0.412008
vt 0.073043 0.687902
vt 0.819214 0.374798
vt 0.075200 0.687834
vt 0.075212 0.683466
vt 0.074223 0.683557
vt 0.074225 0.688315
vt 0.075207 0.688219
vt 0.075015 0.681519
vt 0.074024 0.687841
vt 0.075014 0.687891
vt 0.817240 0.379559
vt 0.818225 0.379593
vt 0.818260 0.374798
vt 0.817238 0.374807
vt 0.073202 0.681511
vt 0.074205 0.687780
vt 0.072700 0.708780
vt 0.803861 0.389765
vt 0.801972 0.401500
vt 0.803861 0.401498
vt 0.077285 0.685585
vt 0.077285 0.684232
vt 0.077285 0.679501
vt 0.077285 0.680978
vt 0.078887 0.682553
vt 0.078887 0.687309
vt 0.841674 0.088686
vt 0.077112 0.680807
vt 0.084292 0.686968
vt 0.098801 0.710162
vt 0.814581 0.379566
vt 0.814583 0.374829
vt 0.070581 0.680691
vt 0.069415 0.683350
vt 0.818199 0.086328
vt 0.073811 0.704366
vt 0.076330 0.678806
vt 0.073238 0.683466
vt 0.073238 0.688296
vt 0.800053 0.378034
vt 0.798746 0.401500
vt 0.803861 0.389384
vt 0.803835 0.378034
vt 0.803861 0.400195
vt 0.801997 0.401500
vt 0.069972 0.683581
vt 0.078887 0.688315
vt 0.078188 0.683557
vt 0.083851 0.686599
vt 0.075214 0.687858
vt 0.071930 0.687562
vt 0.075377 0.687739
vt 0.076330 0.687616
vt 0.070171 0.679123
vt 0.822705 0.374798
vt 0.832920 0.412002
vt 0.072965 0.688226
vt 0.074223 0.687783
vt 0.074026 0.687861
vt 0.074035 0.687839
vt 0.079758 0.686604
vt 0.080530 0.686729
vt 0.100204 0.710500
vt 0.795736 0.376736
vt 0.059736 0.680736
vt 0.795742 0.376736
vt 0.795736 0.376736
vt 0.795742 0.376736
vt 0.076550 0.681082
vt 0.068025 0.709583
vt 0.082087 0.699370
vt 0.082817 0.727356
vt 0.816834 0.096334
vt 0.084312 0.728159
vt 0.085699 0.727971
vt 0.819699 0.087280
vt 0.082817 0.717356
vt 0.081577 0.727402
vt 0.081580 0.727391
vt 0.095616 0.698429
vt 0.097425 0.710147
vt 0.098954 0.709892
vt 0.098932 0.699799
vt 0.834432 0.097876
vt 0.097414 0.699310
vt 0.837295 0.088167
vt 0.095779 0.698415
vt 0.094295 0.687729
vt 0.820030 0.097314
vt 0.070943 0.708322
vt 0.068024 0.699343
vt 0.071135 0.699536
vt 0.104880 0.699359
vt 0.834089 0.087587
vt 0.083081 0.686471
vt 0.078937 0.699533
vt 0.082089 0.709644
vt 0.080999 0.708863
vt 0.077433 0.708687
vt 0.830936 0.096138
vt 0.069088 0.698772
vt 0.821287 0.087575
vt 0.072658 0.699593
vt 0.071215 0.708444
vt 0.823213 0.087717
vt 0.084437 0.710500
vt 0.083058 0.728500
vt 0.075299 0.704830
vt 0.084335 0.698686
vt 0.075180 0.693044
vt 0.818200 0.087306
vt 0.072427 0.705405
vt 0.815418 0.086073
vt 0.096176 0.684847
vt 0.113960 0.694777
vt 0.073226 0.681561
vt 0.075183 0.678987
vt 0.073314 0.681298
vt 0.071710 0.680980
vt 0.070002 0.680831
vt 0.078317 0.680790
vt 0.077695 0.680557
vt 0.077113 0.680850
vt 0.075788 0.681323
vt 0.075042 0.681515
vt 0.074055 0.680892
vt 0.079159 0.699479
vt 0.832839 0.096233
vt 0.051000 0.678064
vt 0.051000 0.678000
vt 0.051657 0.678000
vt 0.051290 0.678022
vt 0.076335 0.697335
vt 0.076393 0.697338
vt 0.076335 0.697347
vt 0.813552 0.379557
vt 0.835337 0.412233
vt 0.832919 0.407368
vt 0.832920 0.412118
vt 0.835337 0.407428
vt 0.835337 0.407646
vt 0.832920 0.411898
vt 0.071144 0.687259
vt 0.071144 0.678919
vt 0.077186 0.676107
vt 0.071762 0.683125
vt 0.074128 0.688298
vt 0.076234 0.683571
vt 0.074352 0.679302
vt 0.067711 0.699283
vt 0.067709 0.710163
vt 0.067699 0.699416
vt 0.082089 0.710116
vt 0.082095 0.709619
vt 0.082089 0.698776
s 1
usemtl Palette
f 152/90/19 153/91/20 167/92/21
f 144/93/22 143/94/23 87/95/24
f 108/96/25 106/97/26 166/98/27
f 144/93/28 145/99/29 159/100/30
f 92/101/31 90/102/32 158/103/33
f 146/104/34 147/105/35 161/106/36
f 154/107/37 155/108/38 169/109/39
f 146/104/40 145/99/41 91/110/42
f 154/107/43 153/91/44 107/111/45
f 148/112/46 149/113/47 163/114/48
f 96/115/49 94/116/50 160/117/51
f 150/118/52 151/119/53 165/120/54
f 156/121/55 143/122/56 157/123/57
f 148/112/58 147/105/59 95/124/60
f 112/125/61 110/126/62 168/127/63
f 90/102/32 88/128/64 157/129/65
f 100/130/66 98/131/67 162/132/68
f 94/116/50 92/101/31 159/133/42
f 110/126/62 108/96/25 167/134/45
f 150/118/69 149/113/70 99/135/71
f 156/121/72 155/108/73 111/136/74
f 98/131/67 96/115/49 161/137/60
f 104/138/75 102/139/76 164/140/77
f 102/139/76 100/130/66 163/141/71
f 114/142/78 112/125/61 169/143/74
f 152/90/79 151/119/80 103/144/81
f 88/145/64 114/146/78 170/147/82
f 106/97/26 104/138/75 165/148/81
f 116/149/83 115/150/84 88/128/64
f 115/149/84 117/150/85 114/128/78
f 118/149/86 116/150/83 90/128/32
f 117/149/85 119/150/87 112/128/61
f 120/149/88 118/150/86 92/128/31
f 119/149/87 121/150/89 110/128/62
f 122/149/90 120/150/88 94/128/50
f 121/149/89 123/150/91 108/128/25
f 124/149/92 122/150/90 96/128/49
f 123/149/91 125/150/93 106/128/26
f 126/149/94 124/150/92 98/128/67
f 125/149/93 127/150/95 104/128/75
f 128/149/96 126/150/94 100/128/66
f 127/149/95 128/150/96 102/128/76
f 130/149/80 129/150/69 115/128/97
f 129/149/69 131/150/70 117/128/71
f 132/149/79 130/150/80 116/128/81
f 131/149/70 133/150/58 119/128/68
f 134/149/44 132/150/79 118/128/27
f 133/149/58 135/150/59 121/128/60
f 136/149/43 134/150/44 120/128/45
f 135/149/59 137/150/40 123/128/51
f 138/149/73 136/150/43 122/128/63
f 137/149/40 139/150/41 125/128/42
f 140/149/72 138/150/73 124/128/74
f 139/149/41 141/150/22 127/128/98
f 142/149/23 140/150/72 126/128/82
f 141/149/22 142/150/23 128/128/24
f 158/151/99 157/152/57 143/94/56
f 105/153/27 107/111/45 153/91/44
f 89/154/33 91/110/42 145/99/41
f 160/155/100 159/100/30 145/99/29
f 168/156/101 167/92/21 153/91/20
f 93/157/51 95/124/60 147/105/59
f 162/158/102 161/106/36 147/105/35
f 109/159/63 111/136/74 155/108/73
f 97/160/68 99/135/71 149/113/70
f 164/161/103 163/114/48 149/113/47
f 170/147/104 169/109/39 155/108/38
f 101/162/97 103/144/81 151/119/80
f 166/163/105 165/120/54 151/119/53
f 113/164/82 87/165/24 143/122/23
f 139/166/106 137/167/106 135/168/106
f 142/169/106 139/166/106 135/168/106
f 136/170/106 138/171/106 135/168/106
f 130/172/106 134/173/106 135/168/106
f 142/169/106 141/174/106 139/166/106
f 138/171/106 140/175/106 142/169/106
f 130/172/106 132/176/106 134/173/106
f 131/177/106 129/178/106 130/172/106
f 236/90/19 237/91/20 251/92/21
f 228/93/22 227/94/23 171/95/24
f 192/96/25 190/97/26 250/98/27
f 228/93/28 229/99/29 243/100/30
f 176/101/31 174/102/32 242/103/33
f 230/104/34 231/105/35 245/106/36
f 238/107/107 239/108/108 253/109/109
f 230/104/40 229/99/41 175/110/42
f 238/107/43 237/91/44 191/111/45
f 232/112/46 233/113/47 247/114/48
f 180/115/49 178/116/50 244/117/51
f 234/118/52 235/119/53 249/120/54
f 240/121/110 227/122/56 241/123/57
f 232/112/58 231/105/59 179/124/60
f 196/125/61 194/126/62 252/127/63
f 174/102/32 172/128/64 241/129/65
f 184/130/66 182/131/67 246/132/68
f 178/116/50 176/101/31 243/133/42
f 194/126/62 192/96/25 251/134/45
f 234/118/69 233/113/70 183/135/71
f 240/121/72 239/108/73 195/136/74
f 182/131/67 180/115/49 245/137/60
f 188/138/75 186/139/76 248/140/77
f 186/139/76 184/130/66 247/141/71
f 198/142/78 196/125/61 253/143/74
f 236/90/79 235/119/80 187/144/81
f 172/145/64 198/146/78 254/147/82
f 190/97/26 188/138/75 249/148/81
f 200/149/83 199/150/84 172/128/64
f 199/149/84 201/150/85 198/128/78
f 202/149/86 200/150/83 174/128/32
f 201/149/85 203/150/87 196/128/61
f 204/149/88 202/150/86 176/128/31
f 203/149/87 205/150/89 194/128/62
f 206/149/90 204/150/88 178/128/50
f 205/149/89 207/150/91 192/128/25
f 208/149/92 206/150/90 180/128/49
f 207/149/91 209/150/93 190/128/26
f 210/149/94 208/150/92 182/128/67
f 209/149/93 211/150/95 188/128/75
f 212/149/96 210/150/94 184/128/66
f 211/149/95 212/150/96 186/128/76
f 214/149/80 213/150/69 199/128/97
f 213/149/69 215/150/70 201/128/71
f 216/149/79 214/150/80 200/128/111
f 215/149/70 217/150/58 203/128/68
f 218/149/44 216/150/79 202/128/27
f 217/149/58 219/150/59 205/128/60
f 220/149/43 218/150/44 204/128/45
f 219/149/59 221/150/40 207/128/51
f 222/149/73 220/150/43 206/128/63
f 221/149/40 223/150/41 209/128/42
f 224/149/72 222/150/73 208/128/74
f 223/149/41 225/150/22 211/128/98
f 226/149/23 224/150/72 210/128/82
f 225/149/22 226/150/23 212/128/24
f 242/151/99 241/152/57 227/94/56
f 189/153/27 191/111/45 237/91/44
f 173/154/33 175/110/42 229/99/41
f 244/155/100 243/100/30 229/99/29
f 252/156/101 251/92/21 237/91/20
f 177/157/51 179/124/60 231/105/59
f 246/158/102 245/106/36 231/105/35
f 193/159/63 195/136/74 239/108/73
f 181/160/68 183/135/71 233/113/70
f 248/161/103 247/114/48 233/113/47
f 254/147/112 253/109/109 239/108/108
f 185/162/97 187/144/81 235/119/80
f 250/163/105 249/120/54 235/119/53
f 197/164/82 171/165/24 227/122/23
f 223/166/106 221/167/106 219/168/106
f 226/169/106 223/166/106 219/168/106
f 220/170/106 222/171/106 219/168/106
f 214/172/106 218/173/106 219/168/106
f 226/169/106 225/174/106 223/166/106
f 222/171/106 224/175/106 226/169/106
f 214/172/106 216/176/106 218/173/106
f 215/177/106 213/178/106 214/172/106
f 423/179/113 293/180/114 430/181/115
f 258/182/116 571/183/117 612/184/118
f 612/184/118 568/185/119 291/186/120
f 574/187/121 291/186/120 568/185/119
f 572/188/122 357/189/123 573/190/124
f 292/191/125 417/192/126 580/193/127
f 575/194/128 429/195/129 292/191/125
f 292/191/125 604/196/130 608/197/130
f 429/195/129 357/198/123 430/181/115
f 358/199/131 291/200/120 257/201/132
f 294/202/133 258/203/116 291/204/120
f 260/182/134 294/202/135 358/205/131
f 295/206/136 358/199/131 296/207/137
f 477/208/138 300/209/139 479/210/140
f 481/211/141 473/212/142 480/213/143
f 529/214/144 298/186/145 359/215/146
f 529/214/144 359/215/146 300/216/139
f 303/217/147 360/205/148 561/218/149
f 561/218/149 360/205/148 562/219/150
f 563/220/151 562/219/150 360/205/148
f 563/220/151 360/205/148 303/217/147
f 361/198/152 304/221/153 286/222/154
f 305/186/155 284/182/156 304/221/153
f 283/223/157 305/186/155 361/198/152
f 306/191/158 361/198/152 307/180/159
f 546/224/160 303/200/147 261/201/161
f 546/224/160 255/225/162 303/200/147
f 287/226/163 308/227/164 362/228/165
f 309/229/166 362/228/165 299/230/167
f 526/231/168 310/232/169 263/233/170
f 539/234/171 538/235/172 541/236/173
f 467/237/174 311/238/175 363/239/176
f 419/240/177 264/241/178 312/242/179
f 379/243/180 342/244/181 277/245/182
f 364/246/183 315/247/184 534/248/185
f 499/249/186 496/250/187 428/251/188
f 379/243/180 315/247/184 495/252/189
f 416/253/190 411/254/191 407/255/192
f 559/256/193 560/257/194 312/258/179
f 557/259/195 319/242/196 558/260/197
f 413/261/198 416/253/190 320/262/199
f 366/263/200 321/264/201 263/265/170
f 322/266/202 279/267/203 321/264/201
f 281/268/204 322/266/202 366/263/200
f 314/269/205 366/263/200 323/270/206
f 552/271/207 547/272/208 267/273/209
f 325/274/210 275/275/211 324/276/212
f 326/277/213 276/278/214 425/279/215
f 551/280/216 548/281/217 326/282/213
f 368/283/218 326/284/213 548/285/217
f 328/274/219 276/275/214 326/276/213
f 278/278/220 328/274/219 368/286/218
f 550/281/221 553/287/222 330/288/223
f 369/289/224 331/290/225 269/291/226
f 444/292/227 442/293/228 443/294/229
f 424/295/230 332/296/231 369/289/224
f 270/297/232 333/298/233 436/299/234
f 370/300/235 335/301/236 267/302/209
f 336/303/237 271/304/238 335/301/236
f 273/305/239 336/303/237 370/300/235
f 331/306/225 370/300/235 337/307/240
f 449/308/241 448/309/242 446/310/243
f 327/311/244 267/312/209 335/313/236
f 338/314/245 268/315/246 421/316/247
f 272/222/248 338/314/245 437/317/249
f 372/318/250 338/319/245 272/320/248
f 330/321/223 268/322/246 338/319/245
f 270/315/232 330/321/223 372/318/251
f 333/314/233 372/318/251 339/180/252
f 435/323/253 373/324/254 438/325/255
f 438/325/255 581/326/256 603/327/257
f 584/328/256 418/329/258 340/330/259
f 340/330/259 603/327/257 610/331/257
f 260/203/134 295/204/136 587/332/260
f 586/333/261 373/324/254 585/334/262
f 605/335/263 582/336/264 260/203/134
f 260/203/134 588/337/262 605/335/263
f 585/334/262 373/324/254 578/338/265
f 424/295/230 435/323/253 332/296/231
f 374/339/266 292/340/125 271/304/238
f 431/341/267 417/342/126 292/340/125
f 418/343/258 431/341/268 374/339/266
f 340/344/269 374/339/266 336/303/237
f 375/345/270 341/346/271 277/245/182
f 554/347/272 549/348/273 341/349/271
f 550/350/221 270/351/232 422/352/274
f 278/353/220 329/354/275 434/355/276
f 376/356/277 324/357/212 275/358/211
f 555/271/278 547/359/208 324/360/212
f 269/361/226 337/288/240 555/287/278
f 341/362/271 376/356/277 343/363/279
f 522/364/280 344/365/281 275/275/211
f 377/366/282 345/367/283 523/368/284
f 439/369/285 427/370/286 485/371/287
f 439/369/285 377/366/282 325/274/210
f 378/366/288 346/365/289 276/275/214
f 347/367/290 280/372/291 346/365/289
f 282/373/292 347/367/290 378/366/288
f 348/374/293 378/366/288 328/274/219
f 315/247/184 379/243/180 535/375/294
f 535/375/294 277/245/182 349/376/295
f 426/377/296 342/244/181 379/243/180
f 282/378/292 348/379/293 440/380/297
f 380/381/298 344/382/281 279/267/203
f 343/363/279 275/358/211 344/382/281
f 277/383/182 343/363/279 380/381/298
f 349/384/295 380/381/298 322/266/202
f 524/385/299 321/386/201 279/372/203
f 381/387/300 313/388/301 525/389/302
f 485/371/287 345/367/283 377/366/282
f 489/390/303 345/391/283 485/392/287
f 382/393/304 415/394/305 409/395/306
f 320/262/199 407/255/192 415/394/305
f 408/396/307 320/262/199 382/393/304
f 412/397/308 382/393/304 414/398/309
f 383/180/310 351/222/311 274/222/312
f 307/180/313 286/222/314 351/222/311
f 285/320/315 307/180/159 383/180/316
f 352/320/317 383/180/316 339/180/318
f 272/320/248 589/399/319 615/400/320
f 614/401/320 593/402/321 352/320/317
f 272/320/248 615/400/320 614/401/320
f 272/320/248 569/403/322 611/404/323
f 627/405/323 589/399/319 272/320/248
f 272/320/248 611/404/323 627/405/323
f 306/191/324 285/320/315 352/320/317
f 613/406/325 570/407/326 306/191/324
f 306/191/324 352/320/317 593/408/321
f 283/223/327 306/191/324 570/191/326
f 576/409/328 353/410/329 283/223/327
f 283/223/327 577/411/330 609/412/331
f 607/413/332 579/414/333 353/223/329
f 607/413/332 353/223/329 576/409/328
f 353/223/329 579/414/333 620/415/334
f 353/223/329 620/415/334 606/416/334
f 606/416/334 571/417/117 258/418/116
f 384/186/335 353/223/329 258/223/116
f 305/186/336 283/223/327 353/223/329
f 284/182/337 305/186/338 384/186/339
f 354/182/340 384/186/339 294/186/135
f 260/182/134 591/419/341 621/420/342
f 623/421/342 590/422/343 354/182/340
f 622/423/342 623/421/342 354/182/340
f 354/182/340 260/182/134 621/420/342
f 591/419/341 260/182/134 582/424/264
f 304/221/344 284/182/337 354/182/340
f 625/425/345 594/426/346 304/221/344
f 304/221/344 354/182/340 590/427/343
f 595/428/347 286/222/314 304/221/344
f 286/222/314 595/428/347 628/429/348
f 592/430/349 351/431/311 286/222/314
f 630/432/350 598/433/351 351/222/311
f 630/432/350 351/222/311 592/434/349
f 351/222/311 598/433/351 616/435/352
f 618/436/352 596/437/353 274/222/312
f 617/438/352 618/436/352 274/222/312
f 616/435/352 617/438/352 274/222/312
f 542/439/354 543/440/355 545/441/356
f 532/442/357 265/443/358 355/444/359
f 319/445/196 266/446/360 420/447/361
f 290/448/362 319/449/196 567/450/363
f 386/451/364 310/452/169 287/226/163
f 323/270/206 263/265/170 310/452/169
f 265/453/358 323/270/206 386/451/364
f 355/454/359 386/451/364 309/229/166
f 311/455/175 387/456/365 528/457/366
f 255/458/162 308/459/164 528/457/366
f 470/460/367 463/461/368 471/462/369
f 467/237/174 469/463/370 311/238/175
f 514/464/371 356/465/372 513/466/373
f 388/467/374 509/468/375 519/469/376
f 297/470/377 510/471/378 518/472/379
f 516/473/380 388/467/374 512/474/381
f 392/289/382 390/290/383 331/290/384
f 391/296/385 392/289/386 369/289/387
f 389/475/388 391/296/389 332/296/390
f 390/290/391 389/475/392 273/475/239
f 394/180/393 393/320/394 271/320/395
f 396/318/396 394/180/397 293/180/398
f 395/319/399 396/318/400 371/318/401
f 393/320/402 395/319/403 335/319/236
f 559/476/193 312/232/179 401/232/404
f 397/233/405 401/232/404 312/232/179
f 403/477/406 398/478/407 266/478/360
f 557/479/195 403/477/406 319/477/196
f 404/367/408 399/372/409 280/372/291
f 399/372/409 405/386/410 350/386/411
f 405/386/410 397/233/405 264/233/178
f 398/478/407 402/480/412 316/480/413
f 400/373/414 404/367/408 347/367/290
f 402/480/412 400/373/414 282/373/292
f 411/254/191 416/253/190 406/253/415
f 407/255/416 411/254/417 401/254/404
f 413/261/418 408/396/419 398/396/407
f 416/253/190 413/261/198 403/261/406
f 414/398/420 409/395/421 399/395/409
f 409/395/422 415/394/423 405/394/410
f 415/394/423 407/255/416 397/255/405
f 408/396/419 412/397/424 402/397/412
f 410/481/425 414/398/420 404/398/408
f 412/397/424 410/481/426 400/481/414
f 462/482/427 256/203/428 302/204/429
f 472/483/430 359/215/146 298/186/145
f 464/484/431 356/485/372 463/486/368
f 475/487/432 473/488/142 297/489/377
f 272/222/248 423/179/113 430/181/115
f 430/181/115 583/490/433 619/491/434
f 619/491/434 569/492/322 272/222/248
f 357/198/123 572/493/122 583/494/433
f 600/495/435 291/186/120 574/496/121
f 357/198/123 429/195/129 599/497/436
f 580/193/127 417/192/126 291/186/120
f 291/186/120 600/495/435 624/498/437
f 599/497/436 429/195/129 575/194/128
f 417/192/126 257/223/438 291/186/120
f 430/181/115 292/191/125 429/195/129
f 271/320/238 292/191/125 430/181/115
f 520/499/439 465/500/440 564/501/441
f 496/502/187 282/503/292 428/504/188
f 266/446/360 316/505/413 432/506/442
f 560/507/194 288/508/443 312/509/179
f 558/510/197 319/511/196 290/512/362
f 325/274/210 367/286/444 326/277/213
f 326/282/213 367/283/444 552/287/207
f 333/298/233 274/513/312 424/295/230
f 369/289/224 334/514/445 422/515/274
f 327/321/244 371/318/446 437/317/249
f 371/318/446 293/180/114 423/179/113
f 438/325/255 340/330/259 435/323/253
f 273/475/447 332/296/231 435/323/253
f 626/516/448 601/517/449 295/204/136
f 295/204/136 418/329/258 584/328/256
f 581/326/256 438/325/255 602/518/450
f 587/332/260 295/204/136 601/517/449
f 602/518/450 438/325/255 373/324/254
f 295/204/136 259/458/451 418/329/258
f 629/519/452 597/520/453 435/323/253
f 274/513/312 596/521/353 629/519/452
f 435/323/253 424/522/230 274/513/312
f 597/520/453 578/523/265 373/324/254
f 296/206/137 257/524/132 417/342/126
f 259/525/451 296/206/137 431/341/268
f 554/347/272 375/526/270 434/527/276
f 375/345/270 342/244/181 426/377/296
f 346/374/289 280/373/291 427/370/286
f 276/278/214 346/374/289 439/369/285
f 348/379/293 278/353/220 426/377/296
f 379/243/180 495/252/189 428/528/188
f 350/529/411 264/241/178 419/240/177
f 280/530/291 350/529/411 441/531/454
f 511/532/455 521/533/456 475/487/432
f 445/534/457 443/535/458 390/536/383
f 444/534/459 445/535/459 392/536/386
f 442/534/460 444/535/461 391/536/389
f 453/534/462 452/535/462 450/536/462
f 447/534/106 446/535/463 393/536/394
f 449/534/459 447/535/459 394/536/397
f 448/534/464 449/535/465 396/536/400
f 456/537/462 457/538/462 455/539/462
f 451/534/466 450/535/467 389/536/466
f 453/534/468 451/535/468 390/536/383
f 452/534/469 453/535/470 443/536/229
f 450/534/471 452/535/471 442/536/460
f 454/534/472 455/535/473 395/536/474
f 456/534/475 454/535/475 393/536/394
f 457/534/476 456/535/477 446/536/243
f 455/534/478 457/535/478 448/536/464
f 528/457/366 387/456/365 302/204/429
f 317/540/479 364/246/183 533/541/480
f 482/542/481 419/543/177 458/544/482
f 492/545/483 317/546/479 460/547/484
f 356/548/372 508/549/485 471/550/369
f 470/460/367 469/551/370 464/552/431
f 458/544/482 312/553/179 565/554/486
f 288/555/443 513/556/373 520/499/439
f 565/557/486 564/501/441 465/500/440
f 312/558/179 288/555/443 564/501/441
f 466/559/487 465/560/440 467/561/174
f 520/562/439 464/552/431 469/551/370
f 387/563/365 311/238/175 469/463/370
f 508/549/485 256/564/428 462/565/427
f 462/565/427 387/563/365 470/566/367
f 297/567/377 473/568/142 481/569/141
f 476/570/488 474/571/489 566/572/490
f 511/532/455 290/448/362 566/572/490
f 300/573/139 359/574/146 480/575/143
f 478/576/491 477/577/138 474/578/489
f 461/579/492 567/580/363 319/581/196
f 385/582/493 300/573/139 477/583/138
f 479/584/140 475/585/432 521/586/456
f 473/587/142 475/585/432 479/584/140
f 510/588/378 481/569/141 472/589/430
f 359/590/146 472/589/430 481/569/141
f 504/591/494 482/542/481 490/592/495
f 491/593/496 490/594/495 482/595/481
f 441/596/454 419/543/177 504/591/494
f 506/597/497 441/596/454 484/598/498
f 459/599/499 363/600/176 526/231/168
f 487/601/500 485/392/287 427/602/286
f 507/603/501 488/604/502 381/605/300
f 489/390/303 486/606/503 345/391/283
f 459/607/499 313/608/301 490/592/495
f 506/597/497 484/598/498 488/604/502
f 505/609/504 490/592/495 313/608/301
f 492/610/483 500/611/505 537/612/506
f 501/613/507 500/614/505 492/615/483
f 536/616/508 317/546/479 492/545/483
f 502/617/509 364/618/183 494/619/510
f 316/505/413 282/503/292 496/502/187
f 497/620/511 315/621/184 364/618/183
f 503/622/512 498/623/513 432/624/442
f 499/249/186 428/251/188 495/625/189
f 461/579/492 420/626/361 500/627/505
f 502/617/509 494/619/510 498/623/513
f 432/624/442 498/623/513 537/628/506
f 503/622/512 432/624/442 496/250/187
f 497/620/511 495/625/189 315/621/184
f 499/629/186 497/630/511 502/631/509
f 504/591/494 419/543/177 482/542/481
f 381/605/300 488/604/502 505/609/504
f 488/632/502 484/633/498 504/634/494
f 507/603/501 381/605/300 486/606/503
f 487/601/500 427/602/286 441/596/454
f 489/635/303 487/636/500 506/637/497
f 262/638/514 301/639/515 518/640/379
f 519/641/376 509/642/375 301/639/515
f 464/643/431 520/499/439 513/556/373
f 521/533/456 566/572/490 474/571/489
f 290/644/362 511/645/455 517/646/516
f 515/647/517 318/648/518 512/474/381
f 256/649/428 508/650/485 519/641/376
f 288/651/443 318/648/518 515/647/517
f 512/474/381 388/467/374 514/652/371
f 518/640/379 301/639/515 509/642/375
f 517/646/516 512/474/381 318/648/518
f 511/653/455 297/470/377 516/654/380
f 509/468/375 388/467/374 516/473/380
f 508/655/485 356/465/372 514/464/371
f 467/656/174 465/657/440 520/658/439
f 474/659/489 477/208/138 479/210/140
f 486/660/503 381/387/300 524/385/299
f 325/274/210 377/366/282 522/364/280
f 279/372/203 344/365/281 522/364/280
f 523/368/284 345/367/283 486/660/503
f 263/233/170 321/386/201 524/385/299
f 459/599/499 526/231/168 525/389/302
f 287/661/163 310/232/169 526/231/168
f 308/459/164 287/661/163 527/662/519
f 531/663/520 385/664/493 460/665/484
f 299/666/167 261/223/161 298/186/145
f 289/667/521 299/666/167 529/214/144
f 355/444/359 289/667/521 530/668/522
f 460/665/484 317/540/479 532/442/357
f 314/669/205 265/443/358 532/442/357
f 281/670/204 314/669/205 533/541/480
f 349/376/295 281/670/204 534/248/185
f 364/618/183 317/546/479 536/616/508
f 537/628/506 500/627/505 420/626/361
f 498/671/513 494/672/510 536/673/508
f 540/674/523 541/675/173 527/676/519
f 539/674/171 540/675/523 526/676/168
f 538/674/172 539/675/171 363/676/176
f 541/674/173 538/675/172 311/676/175
f 544/677/524 545/678/356 531/679/520
f 542/677/354 544/678/524 530/679/522
f 543/677/355 542/678/354 300/679/139
f 545/677/356 543/678/355 385/679/493
f 299/230/167 362/228/165 546/224/160
f 362/228/165 308/227/164 255/225/162
f 367/680/444 324/681/212 547/272/208
f 421/682/247 268/683/246 548/281/217
f 268/361/246 330/288/223 553/287/222
f 329/282/275 368/283/218 553/287/222
f 334/684/445 269/685/226 549/348/273
f 434/527/276 329/686/275 550/350/221
f 337/687/240 267/688/209 547/359/208
f 376/283/277 341/284/271 549/285/525
f 327/288/244 421/682/247 551/280/216
f 422/352/274 334/684/445 554/347/272
f 433/689/526 365/690/527 557/259/195
f 365/600/527 406/600/415 403/477/406
f 318/691/518 433/692/526 558/510/197
f 365/690/527 433/689/526 560/257/194
f 406/600/415 365/600/527 559/476/193
f 433/692/526 318/691/518 288/508/443
f 298/204/145 261/458/161 303/217/147
f 262/203/514 561/218/149 562/219/150
f 262/203/514 298/204/145 561/218/149
f 256/182/428 301/202/515 562/219/150
f 563/220/151 302/186/429 256/182/428
f 255/223/162 302/186/429 563/220/151
f 363/693/176 459/607/499 491/694/496
f 466/695/487 483/696/528 458/544/482
f 491/694/496 483/696/528 466/695/487
f 501/697/507 476/698/488 567/580/363
f 493/699/529 478/700/491 476/698/488
f 385/701/493 478/700/491 493/699/529
f 166/163/105 152/90/19 167/92/21
f 89/154/33 144/93/22 87/95/24
f 167/134/45 108/96/25 166/98/27
f 158/151/99 144/93/28 159/100/30
f 159/133/42 92/101/31 158/103/33
f 160/155/100 146/104/34 161/106/36
f 168/156/101 154/107/530 169/109/531
f 93/157/51 146/104/40 91/110/42
f 109/159/63 154/107/43 107/111/45
f 162/158/102 148/112/46 163/114/48
f 161/137/60 96/115/49 160/117/51
f 164/161/103 150/118/52 165/120/54
f 170/147/532 156/121/55 157/123/57
f 97/160/68 148/112/58 95/124/60
f 169/143/74 112/125/61 168/127/63
f 158/103/33 90/102/32 157/129/65
f 163/141/71 100/130/66 162/132/68
f 160/117/51 94/116/50 159/133/42
f 168/127/63 110/126/62 167/134/45
f 101/162/97 150/118/69 99/135/71
f 113/164/82 156/121/72 111/136/74
f 162/132/68 98/131/67 161/137/60
f 165/148/81 104/138/75 164/140/77
f 164/140/77 102/139/76 163/141/71
f 170/702/82 114/142/78 169/143/74
f 105/153/27 152/90/79 103/144/81
f 157/123/65 88/145/64 170/147/82
f 166/98/27 106/97/26 165/148/81
f 90/703/32 116/149/83 88/128/64
f 88/703/64 115/149/84 114/128/78
f 92/703/31 118/149/86 90/128/32
f 114/703/78 117/149/85 112/128/61
f 94/703/50 120/149/88 92/128/31
f 112/703/61 119/149/87 110/128/62
f 96/703/49 122/149/90 94/128/50
f 110/703/62 121/149/89 108/128/25
f 98/703/67 124/149/92 96/128/49
f 108/703/25 123/149/91 106/128/26
f 100/703/66 126/149/94 98/128/67
f 106/703/26 125/149/93 104/128/75
f 102/703/76 128/149/96 100/128/66
f 104/703/75 127/149/95 102/128/76
f 116/703/81 130/149/80 115/128/97
f 115/703/97 129/149/69 117/128/71
f 118/703/27 132/149/79 116/128/81
f 117/703/71 131/149/70 119/128/68
f 120/703/45 134/149/44 118/128/27
f 119/703/68 133/149/58 121/128/60
f 122/703/63 136/149/43 120/128/45
f 121/703/60 135/149/59 123/128/51
f 124/703/74 138/149/73 122/128/63
f 123/703/51 137/149/40 125/128/42
f 126/703/82 140/149/72 124/128/74
f 125/703/42 139/149/41 127/128/98
f 128/703/24 142/149/23 126/128/82
f 127/703/98 141/149/22 128/128/24
f 144/93/28 158/151/99 143/94/56
f 152/90/79 105/153/27 153/91/44
f 144/93/22 89/154/33 145/99/41
f 146/104/34 160/155/100 145/99/29
f 154/107/530 168/156/101 153/91/20
f 146/104/40 93/157/51 147/105/59
f 148/112/46 162/158/102 147/105/35
f 154/107/43 109/159/63 155/108/73
f 148/112/58 97/160/68 149/113/70
f 150/118/52 164/161/103 149/113/47
f 156/704/55 170/147/532 155/108/533
f 150/118/69 101/162/97 151/119/80
f 152/90/19 166/163/105 151/119/53
f 156/121/72 113/164/82 143/122/23
f 138/171/106 142/169/106 135/168/106
f 134/173/106 136/170/106 135/168/106
f 133/705/106 130/172/106 135/168/106
f 133/705/106 131/177/106 130/172/106
f 250/163/105 236/90/19 251/92/21
f 173/154/33 228/93/22 171/95/24
f 251/134/45 192/96/25 250/98/27
f 242/151/99 228/93/28 243/100/30
f 243/133/42 176/101/31 242/103/33
f 244/155/100 230/104/34 245/106/36
f 252/156/101 238/107/107 253/109/109
f 177/157/51 230/104/40 175/110/42
f 193/159/63 238/107/43 191/111/45
f 246/158/102 232/112/46 247/114/48
f 245/137/60 180/115/49 244/117/51
f 248/161/103 234/118/52 249/120/54
f 254/147/112 240/121/110 241/123/57
f 181/160/68 232/112/58 179/124/60
f 253/143/74 196/125/61 252/127/63
f 242/103/33 174/102/32 241/129/65
f 247/141/71 184/130/66 246/132/68
f 244/117/51 178/116/50 243/133/42
f 252/127/63 194/126/62 251/134/45
f 185/162/97 234/118/69 183/135/71
f 197/164/82 240/121/72 195/136/74
f 246/132/68 182/131/67 245/137/60
f 249/148/81 188/138/75 248/140/77
f 248/140/77 186/139/76 247/141/71
f 254/702/82 198/142/78 253/143/74
f 189/153/27 236/90/79 187/144/81
f 241/123/65 172/145/64 254/147/82
f 250/98/27 190/97/26 249/148/81
f 174/703/32 200/149/83 172/128/64
f 172/703/64 199/149/84 198/128/78
f 176/703/31 202/149/86 174/128/32
f 198/703/78 201/149/85 196/128/61
f 178/703/50 204/149/88 176/128/31
f 196/703/61 203/149/87 194/128/62
f 180/703/49 206/149/90 178/128/50
f 194/703/62 205/149/89 192/128/25
f 182/703/67 208/149/92 180/128/49
f 192/703/25 207/149/91 190/128/26
f 184/703/66 210/149/94 182/128/67
f 190/703/26 209/149/93 188/128/75
f 186/703/76 212/149/96 184/128/66
f 188/703/75 211/149/95 186/128/76
f 200/703/111 214/149/80 199/128/97
f 199/703/97 213/149/69 201/128/71
f 202/703/27 216/149/79 200/128/111
f 201/703/71 215/149/70 203/128/68
f 204/703/45 218/149/44 202/128/27
f 203/703/68 217/149/58 205/128/60
f 206/703/63 220/149/43 204/128/45
f 205/703/60 219/149/59 207/128/51
f 208/703/74 222/149/73 206/128/63
f 207/703/51 221/149/40 209/128/42
f 210/703/82 224/149/72 208/128/74
f 209/703/42 223/149/41 211/128/98
f 212/703/24 226/149/23 210/128/82
f 211/703/98 225/149/22 212/128/24
f 228/93/28 242/151/99 227/94/56
f 236/90/79 189/153/27 237/91/44
f 228/93/22 173/154/33 229/99/41
f 230/104/34 244/155/100 229/99/29
f 238/107/107 252/156/101 237/91/20
f 230/104/40 177/157/51 231/105/59
f 232/112/46 246/158/102 231/105/35
f 238/107/43 193/159/63 239/108/73
f 232/112/58 181/160/68 233/113/70
f 234/118/52 248/161/103 233/113/47
f 240/121/110 254/147/112 239/108/108
f 234/118/69 185/162/97 235/119/80
f 236/90/19 250/163/105 235/119/53
f 240/121/72 197/164/82 227/122/23
f 222/171/106 226/169/106 219/168/106
f 218/173/106 220/170/106 219/168/106
f 217/705/106 214/172/106 219/168/106
f 217/705/106 215/177/106 214/172/106
f 291/186/120 258/182/116 612/184/118
f 604/196/130 292/191/125 580/193/127
f 608/197/130 575/194/128 292/191/125
f 296/706/137 358/199/131 257/201/132
f 358/205/131 294/202/133 291/204/120
f 295/186/136 260/182/134 358/205/131
f 259/707/451 295/206/136 296/207/137
f 530/708/522 529/214/144 300/216/139
f 307/709/159 361/198/152 286/222/154
f 361/198/152 305/186/155 304/221/153
f 306/191/158 283/223/157 361/198/152
f 285/710/315 306/191/158 307/180/159
f 309/229/166 287/226/163 362/228/165
f 289/711/521 309/229/166 299/230/167
f 525/389/302 526/231/168 263/233/170
f 540/712/523 539/234/171 541/236/173
f 468/713/534 467/237/174 363/239/176
f 458/714/482 419/240/177 312/242/179
f 535/715/294 379/243/180 277/245/182
f 533/716/480 364/246/183 534/248/185
f 320/262/199 416/253/190 407/255/192
f 408/717/307 413/261/198 320/262/199
f 323/270/206 366/263/200 263/265/170
f 366/263/200 322/266/202 321/264/201
f 314/718/205 281/268/204 366/263/200
f 265/453/358 314/269/205 323/270/206
f 327/719/244 552/271/207 267/273/209
f 367/720/444 325/274/210 324/276/212
f 553/721/222 368/283/218 548/285/217
f 368/722/218 328/274/219 326/276/213
f 329/723/275 278/278/220 368/286/218
f 270/724/232 550/281/221 330/288/223
f 334/514/445 369/289/224 269/291/226
f 445/725/535 444/292/227 443/294/229
f 436/726/234 424/295/230 369/289/224
f 422/727/274 270/297/232 436/299/234
f 337/307/240 370/300/235 267/302/209
f 370/728/235 336/303/237 335/301/236
f 331/729/225 273/305/239 370/300/235
f 269/730/226 331/306/225 337/307/240
f 447/731/536 449/308/241 446/310/243
f 371/732/446 327/311/244 335/313/236
f 437/733/249 338/314/245 421/316/247
f 423/734/113 272/222/248 437/317/249
f 339/735/318 372/318/250 272/320/248
f 372/736/250 330/321/223 338/319/245
f 333/737/233 270/315/232 372/318/251
f 274/738/312 333/314/233 339/180/252
f 340/330/259 438/325/255 603/327/257
f 610/331/257 584/328/256 340/330/259
f 588/337/262 260/203/134 587/332/260
f 336/303/237 374/339/266 271/304/238
f 374/739/266 431/341/267 292/340/125
f 340/740/269 418/343/258 374/339/266
f 273/741/239 340/344/269 336/303/237
f 342/244/181 375/345/270 277/245/182
f 375/742/270 554/347/272 341/349/271
f 556/743/537 550/350/221 422/352/274
f 426/744/296 278/353/220 434/355/276
f 343/363/279 376/356/277 275/358/211
f 376/680/277 555/271/278 324/360/212
f 549/285/525 269/361/226 555/287/278
f 277/745/182 341/362/271 343/363/279
f 522/364/280 377/366/282 523/368/284
f 425/746/215 439/369/285 325/274/210
f 328/747/219 378/366/288 276/275/214
f 378/748/288 347/367/290 346/365/289
f 348/749/293 282/373/292 378/366/288
f 278/750/220 348/374/293 328/274/219
f 534/751/185 315/247/184 535/375/294
f 440/752/297 426/377/296 379/243/180
f 428/753/188 282/378/292 440/380/297
f 322/754/202 380/381/298 279/267/203
f 380/755/298 343/363/279 344/382/281
f 349/756/295 277/383/182 380/381/298
f 281/757/204 349/384/295 322/266/202
f 523/758/284 524/385/299 279/372/203
f 524/385/299 381/387/300 525/389/302
f 439/759/285 485/371/287 377/366/282
f 487/760/500 489/390/303 485/392/287
f 414/761/309 382/393/304 409/395/306
f 382/393/304 320/262/199 415/394/305
f 412/762/308 408/396/307 382/393/304
f 410/763/538 412/397/308 414/398/309
f 339/764/252 383/180/310 274/222/312
f 383/765/310 307/180/313 351/222/311
f 352/766/317 285/320/315 383/180/316
f 272/767/248 352/320/317 339/180/318
f 352/320/317 272/320/248 614/401/320
f 613/406/325 306/191/324 593/408/321
f 577/411/330 283/223/327 570/191/326
f 609/412/331 576/409/328 283/223/327
f 353/223/329 606/416/334 258/418/116
f 294/186/133 384/186/335 258/223/116
f 384/768/335 305/186/336 353/223/329
f 354/769/340 284/182/337 384/186/339
f 260/182/134 354/182/340 294/186/135
f 622/423/342 354/182/340 621/420/342
f 625/425/345 304/221/344 590/427/343
f 594/221/346 595/428/347 304/221/344
f 628/429/348 592/430/349 286/222/314
f 274/222/312 351/222/311 616/435/352
f 544/770/524 542/439/354 545/441/356
f 531/771/520 532/442/357 355/444/359
f 461/772/492 319/445/196 420/447/361
f 566/773/490 290/448/362 567/450/363
f 309/774/166 386/451/364 287/226/163
f 386/451/364 323/270/206 310/452/169
f 355/454/359 265/453/358 386/451/364
f 289/775/521 355/454/359 309/229/166
f 527/776/519 311/455/175 528/457/366
f 302/777/429 255/458/162 528/457/366
f 515/778/517 514/464/371 513/466/373
f 514/779/371 388/467/374 519/469/376
f 516/654/380 297/470/377 518/472/379
f 517/646/516 516/473/380 512/474/381
f 369/289/539 392/289/382 331/290/384
f 332/296/540 391/296/385 369/289/387
f 273/475/541 389/475/388 332/296/390
f 331/290/225 390/290/391 273/475/239
f 293/180/542 394/180/393 271/320/395
f 371/318/543 396/318/396 293/180/398
f 335/780/544 395/319/399 371/318/401
f 271/320/238 393/320/402 335/319/236
f 264/233/178 397/233/405 312/232/179
f 319/477/196 403/477/406 266/478/360
f 347/781/290 404/367/408 280/372/291
f 280/372/291 399/372/409 350/386/411
f 350/386/411 405/386/410 264/233/178
f 266/478/360 398/478/407 316/480/413
f 282/782/292 400/373/414 347/367/290
f 316/480/413 402/480/412 282/373/292
f 401/254/404 411/254/191 406/253/415
f 397/783/405 407/255/416 401/254/404
f 403/784/406 413/261/418 398/396/407
f 406/253/415 416/253/190 403/261/406
f 404/785/408 414/398/420 399/395/409
f 399/786/409 409/395/422 405/394/410
f 405/394/410 415/394/423 397/255/405
f 398/396/407 408/396/419 402/397/412
f 400/787/545 410/481/425 404/398/408
f 402/788/412 412/397/424 400/481/414
f 387/789/365 462/482/427 302/204/429
f 262/790/514 472/483/430 298/186/145
f 272/222/248 430/181/115 619/491/434
f 430/181/115 357/198/123 583/494/433
f 573/791/124 357/198/123 599/497/436
f 624/498/437 580/193/127 291/186/120
f 293/180/114 271/320/238 430/181/115
f 420/792/361 266/446/360 432/506/442
f 425/793/215 325/274/210 326/277/213
f 551/280/216 326/282/213 552/287/207
f 436/299/234 333/298/233 424/295/230
f 436/794/234 369/289/224 422/515/274
f 421/795/247 327/321/244 437/317/249
f 437/796/249 371/318/446 423/179/113
f 340/797/259 273/475/447 435/323/253
f 626/516/448 295/204/136 584/328/256
f 586/333/261 602/518/450 373/324/254
f 274/513/312 629/519/452 435/323/253
f 435/323/253 597/520/453 373/324/254
f 431/341/267 296/206/137 417/342/126
f 418/798/258 259/525/451 431/341/268
f 556/799/537 554/347/272 434/527/276
f 434/800/276 375/345/270 426/377/296
f 439/801/285 346/374/289 427/370/286
f 425/279/215 276/278/214 439/369/285
f 440/802/297 348/379/293 426/377/296
f 440/803/297 379/243/180 428/528/188
f 441/804/454 350/529/411 419/240/177
f 427/805/286 280/530/291 441/531/454
f 297/806/377 511/532/455 475/487/432
f 392/807/382 445/534/457 390/536/383
f 391/807/385 444/534/459 392/536/386
f 389/807/388 442/534/460 391/536/389
f 451/807/462 453/534/462 450/536/462
f 394/807/393 447/534/106 393/536/394
f 396/807/396 449/534/459 394/536/397
f 395/807/399 448/534/464 396/536/400
f 454/808/462 456/537/462 455/539/462
f 390/809/546 451/534/466 389/536/466
f 443/807/458 453/534/468 390/536/383
f 442/810/228 452/534/469 443/536/229
f 389/807/388 450/534/471 442/536/460
f 393/810/547 454/534/472 395/536/474
f 446/807/463 456/534/475 393/536/394
f 448/811/242 457/534/476 446/536/243
f 395/807/399 455/534/478 448/536/464
f 532/812/357 317/540/479 533/541/480
f 483/813/528 482/542/481 458/544/482
f 493/814/529 492/545/483 460/547/484
f 463/815/368 356/548/372 471/550/369
f 463/816/368 470/460/367 464/552/431
f 564/817/441 288/555/443 520/499/439
f 466/818/487 565/557/486 465/500/440
f 565/557/486 312/558/179 564/501/441
f 468/819/534 466/559/487 467/561/174
f 470/820/367 387/563/365 469/463/370
f 471/821/369 508/549/485 462/565/427
f 471/822/369 462/565/427 470/566/367
f 510/823/378 297/567/377 481/569/141
f 567/824/363 476/570/488 566/572/490
f 521/825/456 511/532/455 566/572/490
f 479/826/140 300/573/139 480/575/143
f 476/827/488 478/576/491 474/578/489
f 478/828/491 385/582/493 477/583/138
f 480/829/143 473/587/142 479/584/140
f 262/830/514 510/588/378 472/589/430
f 480/831/143 359/590/146 481/569/141
f 505/609/504 504/591/494 490/592/495
f 483/832/528 491/593/496 482/595/481
f 484/833/498 441/596/454 504/591/494
f 491/834/496 459/607/499 490/592/495
f 507/835/501 506/597/497 488/604/502
f 536/836/508 492/610/483 537/612/506
f 493/837/529 501/613/507 492/615/483
f 432/838/442 316/505/413 496/502/187
f 502/839/509 497/620/511 364/618/183
f 497/620/511 499/249/186 495/625/189
f 501/840/507 461/579/492 500/627/505
f 503/622/512 502/617/509 498/623/513
f 420/841/361 432/624/442 537/628/506
f 499/842/186 503/622/512 496/250/187
f 503/843/512 499/629/186 502/631/509
f 313/844/301 381/605/300 505/609/504
f 505/845/504 488/632/502 504/634/494
f 489/846/303 507/603/501 486/606/503
f 506/847/497 487/601/500 441/596/454
f 507/848/501 489/635/303 506/637/497
f 510/849/378 262/638/514 518/640/379
f 356/850/372 464/643/431 513/556/373
f 318/851/518 290/644/362 517/646/516
f 301/852/515 256/649/428 519/641/376
f 513/853/373 288/651/443 515/647/517
f 515/647/517 512/474/381 514/652/371
f 517/854/516 511/653/455 516/654/380
f 518/855/379 509/468/375 516/473/380
f 519/856/376 508/655/485 514/464/371
f 469/857/370 467/656/174 520/658/439
f 521/858/456 474/659/489 479/210/140
f 523/859/284 486/660/503 524/385/299
f 275/860/211 325/274/210 522/364/280
f 523/861/284 279/372/203 522/364/280
f 525/862/302 263/233/170 524/385/299
f 313/388/301 459/599/499 525/389/302
f 527/662/519 287/661/163 526/231/168
f 528/863/366 308/459/164 527/662/519
f 529/864/144 299/666/167 298/186/145
f 530/865/522 289/667/521 529/214/144
f 531/866/520 355/444/359 530/668/522
f 531/663/520 460/665/484 532/442/357
f 533/867/480 314/669/205 532/442/357
f 534/868/185 281/670/204 533/541/480
f 535/869/294 349/376/295 534/248/185
f 494/870/510 364/618/183 536/616/508
f 537/871/506 498/671/513 536/673/508
f 526/872/168 540/674/523 527/676/519
f 363/873/176 539/674/171 526/676/168
f 311/874/175 538/674/172 363/676/176
f 527/875/519 541/674/173 311/676/175
f 530/876/522 544/677/524 531/679/520
f 300/876/139 542/677/354 530/679/522
f 385/877/493 543/677/355 300/679/139
f 531/878/520 545/677/356 385/679/493
f 261/201/161 299/230/167 546/224/160
f 546/879/160 362/228/165 255/225/162
f 552/271/207 367/680/444 547/272/208
f 551/280/216 421/682/247 548/281/217
f 548/285/217 268/361/246 553/287/222
f 550/880/221 329/282/275 553/287/222
f 554/881/272 334/684/445 549/348/273
f 556/882/537 434/527/276 550/350/221
f 555/271/278 337/687/240 547/359/208
f 555/883/278 376/283/277 549/285/525
f 552/884/207 327/288/244 551/280/216
f 556/885/537 422/352/274 554/347/272
f 558/260/197 433/689/526 557/259/195
f 557/886/195 365/600/527 403/477/406
f 290/512/362 318/691/518 558/510/197
f 559/256/193 365/690/527 560/257/194
f 401/887/404 406/600/415 559/476/193
f 560/888/194 433/692/526 288/508/443
f 561/889/149 298/204/145 303/217/147
f 301/890/515 262/203/514 562/219/150
f 563/891/151 256/182/428 562/219/150
f 303/892/147 255/223/162 563/220/151
f 468/893/534 363/693/176 491/694/496
f 565/894/486 466/695/487 458/544/482
f 468/895/534 491/694/496 466/695/487
f 461/896/492 501/697/507 567/580/363
f 501/897/507 493/699/529 476/698/488
f 460/898/484 385/701/493 493/699/529
o Cylinder
v -0.624109 4.259841 25.064442
v -0.601076 4.259842 28.717365
v -0.422901 7.115811 26.439804
v 0.323345 6.724362 25.626953
v 0.323110 6.018996 25.064442
v -0.327106 6.018996 25.064442
v -0.519281 7.115811 27.342001
v -0.776943 3.163026 26.439806
v -0.650023 3.163027 27.342003
v -0.466995 6.724363 28.154854
v 0.824702 3.163026 26.439806
v 0.709362 3.163027 27.342003
v -0.322846 6.724362 25.626953
v 0.517082 7.115811 27.342001
v -0.510989 5.139419 28.918123
v 0.504483 5.139419 28.918123
v 0.458685 6.018997 28.717365
v 0.465384 6.724363 28.154854
v 0.597019 4.259842 28.717365
v -0.468738 6.018997 28.717365
v 0.432574 5.139419 24.863684
v -0.439157 5.139419 24.863684
v 0.429454 7.115811 26.439804
v 0.882057 3.554475 25.626953
v -0.878844 3.554475 25.626953
v 0.634663 3.554475 28.154854
v 0.623995 4.259841 25.064442
v -0.622479 3.554475 28.154854
v 0.889859 3.390777 25.966875
v -0.432823 5.193337 24.875992
v -0.390936 6.978341 26.154345
v -0.876379 3.346244 26.059351
v -0.542595 7.115811 27.126438
v -0.642969 3.879003 28.413656
v 0.636896 3.668121 28.245483
v -0.633682 3.668121 28.245483
v 0.934575 3.475112 25.791752
v 0.673826 3.284884 27.595041
v -0.647398 3.267947 27.559872
v 0.592240 4.172517 28.647726
v -0.499571 6.977356 27.629507
v 0.603020 4.300143 28.726562
v -0.931362 3.475112 25.791752
v 0.518903 4.997257 28.885675
v -0.472319 6.168058 28.598492
v -0.599807 4.300143 28.726562
v 0.879592 3.346244 26.059351
v 0.543120 7.115811 26.970181
v 0.551416 7.115811 27.024551
v -0.762387 3.835649 25.402725
v -0.548202 7.115811 27.024551
v 0.321169 6.254138 25.251961
v -0.835913 3.268476 26.220839
v 0.765600 3.835649 25.402725
v 0.851002 3.272923 26.211601
v -0.930557 3.479147 25.783373
v -0.872694 3.342427 26.067276
v -0.632860 3.666106 28.243876
v 0.502785 6.977356 27.629507
v 0.877731 3.341280 26.069658
v 0.636872 3.665497 28.243391
v 0.394149 6.978341 26.154345
v 0.933771 3.479147 25.783373
vn -0.0000 -0.2225 -0.9749
vn -0.0000 -0.6235 -0.7818
vn -0.0000 -0.9010 -0.4339
vn -0.0000 -1.0000 -0.0000
vn -0.0000 -0.9010 0.4339
vn -0.0000 -0.6235 0.7818
vn -0.0000 -0.2225 0.9749
vn -0.0000 0.2225 0.9749
vn -0.0000 0.6235 0.7818
vn -0.0000 0.9010 0.4339
vn -0.0000 1.0000 -0.0000
vn -0.0000 0.9010 -0.4339
vn -0.0000 0.6235 -0.7818
vn -0.0000 0.2225 -0.9749
vt 0.104765 0.614833
vt 0.105000 0.614851
vt 0.105000 0.614439
vt 0.104715 0.614455
vt 0.104765 0.614456
vt 0.104529 0.614836
vt 0.104377 0.614851
vt 0.104529 0.614457
vt 0.104294 0.614435
vt 0.104294 0.614856
vt 0.104059 0.614821
vt 0.104211 0.614424
vt 0.104059 0.614475
vt 0.104197 0.614867
vt 0.104211 0.614870
vt 0.104238 0.614426
vt 0.103976 0.614807
vt 0.103976 0.614488
vt 0.103824 0.614515
vt 0.103824 0.614778
vt 0.103588 0.614514
vt 0.103588 0.614778
vt 0.103667 0.614777
vt 0.103353 0.614822
vt 0.103367 0.614471
vt 0.103353 0.614468
vt 0.103118 0.614900
vt 0.102976 0.614957
vt 0.103118 0.614393
vt 0.102882 0.614289
vt 0.102882 0.615005
vt 0.102711 0.614307
vt 0.102647 0.614331
vt 0.102647 0.614981
vt 0.102837 0.615026
vt 0.102837 0.614268
vt 0.102784 0.615008
vt 0.102835 0.615026
vt 0.102835 0.614268
vt 0.102757 0.614290
vt 0.102754 0.615003
vt 0.102757 0.615004
vt 0.102713 0.614992
vt 0.102755 0.614292
vt 0.102412 0.614382
vt 0.102412 0.614935
vt 0.102339 0.614920
vt 0.102349 0.614383
vt 0.102177 0.614394
vt 0.102139 0.614389
vt 0.102140 0.614905
vt 0.102177 0.614904
vt 0.102068 0.614385
vt 0.101941 0.614402
vt 0.101941 0.614889
vt 0.101970 0.614887
vt 0.102139 0.614905
vt 0.102139 0.614389
vt 0.101931 0.614891
vt 0.101931 0.614403
vt 0.101706 0.614439
vt 0.101706 0.614851
vt 0.101744 0.614857
vt 0.104377 0.614443
vt 0.102976 0.614337
s 1
usemtl Palette
f 647/899/548 646/900/548 645/901/548
f 675/902/549 647/899/549 650/903/549
f 648/904/549 647/899/549 675/902/549
f 689/905/550 648/904/550 640/906/550
f 637/907/550 644/908/550 689/905/550
f 653/909/551 681/910/551 633/911/551
f 637/907/551 678/912/551 679/913/551
f 663/914/551 678/912/551 637/907/551
f 653/909/551 678/912/551 663/914/551
f 692/915/552 653/909/552 633/911/552
f 692/915/552 661/916/552 643/917/552
f 634/918/553 643/917/553 636/919/553
f 635/920/553 682/921/553 636/919/553
f 651/922/554 660/923/554 652/924/554
f 635/920/554 636/919/554 660/923/554
f 657/925/555 651/922/555 652/924/555
f 684/926/556 657/925/556 631/927/556
f 655/928/556 654/929/556 684/926/556
f 683/930/557 638/931/557 641/932/557
f 655/928/557 693/933/557 654/929/557
f 686/934/557 659/935/557 667/936/557
f 659/935/557 686/934/557 673/937/557
f 662/938/557 690/939/557 677/940/557
f 685/941/557 687/942/557 683/930/557
f 655/928/557 667/936/557 693/933/557
f 662/938/557 687/942/557 685/941/557
f 673/937/557 662/938/557 677/940/557
f 638/931/558 639/943/558 642/944/558
f 668/945/559 669/946/559 658/947/559
f 669/946/559 668/945/559 642/944/559
f 666/948/560 691/949/560 656/950/560
f 664/951/560 632/952/560 649/953/560
f 664/951/560 670/954/560 665/955/560
f 688/956/560 656/950/560 658/947/560
f 665/955/560 691/949/560 666/948/560
f 672/957/561 649/953/561 632/952/561
f 676/958/561 645/959/561 646/960/561
f 676/958/561 674/961/561 672/957/561
f 650/903/548 647/899/548 645/901/548
f 640/906/549 648/904/549 675/902/549
f 671/962/550 689/905/550 640/906/550
f 671/962/550 637/907/550 689/905/550
f 644/908/551 637/907/551 679/913/551
f 681/910/551 653/909/551 663/914/551
f 661/916/552 692/915/552 633/911/552
f 634/918/552 692/915/552 643/917/552
f 682/921/553 634/918/553 636/919/553
f 651/922/554 635/920/554 660/923/554
f 631/927/555 657/925/555 652/924/555
f 680/963/556 684/926/556 631/927/556
f 680/963/556 655/928/556 684/926/556
f 655/928/557 686/934/557 667/936/557
f 641/932/557 685/941/557 683/930/557
f 690/939/557 662/938/557 685/941/557
f 659/935/557 673/937/557 677/940/557
f 641/932/558 638/931/558 642/944/558
f 656/950/559 668/945/559 658/947/559
f 639/943/559 669/946/559 642/944/559
f 688/956/560 666/948/560 656/950/560
f 670/954/560 664/951/560 649/953/560
f 664/951/560 665/955/560 666/948/560
f 676/958/561 672/957/561 632/952/561
f 674/961/561 676/958/561 646/960/561
o Legs
v 3.777409 -5.550508 4.151501
v 3.777409 -5.550508 4.464475
v 4.064102 -5.369941 4.151501
v 4.064102 -5.369941 4.464475
v 4.136959 -5.541652 4.151501
v 4.136959 -5.541652 4.464475
v 3.850266 -5.722219 4.151501
v 3.850266 -5.722219 4.464475
v 2.304092 -3.690685 4.151501
v 2.304092 -3.690685 4.464474
v 2.590785 -3.510118 4.151501
v 2.590785 -3.510118 4.464474
v 3.777409 -5.550510 -4.455518
v 3.777409 -5.550509 -4.142545
v 4.064102 -5.369943 -4.455518
v 4.064102 -5.369943 -4.142545
v 4.136959 -5.543862 -4.455518
v 4.136959 -5.543862 -4.142545
v 3.850266 -5.724430 -4.455518
v 3.850266 -5.724430 -4.142545
v 2.304092 -3.690687 -4.455518
v 2.304092 -3.690687 -4.142545
v 2.590785 -3.510120 -4.455518
v 2.590785 -3.510119 -4.142545
v 3.414842 -5.821733 7.632846
v 3.414842 -5.504367 7.632846
v 4.225111 -5.821733 7.632846
v 4.225111 -5.504367 7.632846
v 4.225111 -5.821733 8.355330
v 4.225111 -5.504367 8.355330
v 3.414842 -5.821733 8.355330
v 3.414842 -5.504367 8.355330
v 3.414841 -5.821735 -5.822114
v 3.414841 -5.504370 -5.822114
v 4.225111 -5.821735 -5.822114
v 4.225111 -5.504370 -5.822114
v 3.414841 -5.428858 -7.395364
v 3.414841 -5.129261 -7.290663
v 4.225111 -5.428858 -7.395364
v 4.225111 -5.129261 -7.290663
v 3.414841 -5.053840 -8.106043
v 3.414841 -4.948861 -8.042980
v 4.225111 -5.053840 -8.106043
v 4.225111 -4.948861 -8.042980
v -4.013213 -5.550508 4.151501
v -4.013213 -5.550508 4.464475
v -4.299906 -5.369942 4.151501
v -4.299906 -5.369942 4.464475
v -4.372762 -5.461911 4.151501
v -4.372762 -5.461911 4.464475
v -4.086069 -5.642478 4.151501
v -4.086069 -5.642478 4.464475
v -2.539896 -3.690686 4.151501
v -2.539896 -3.690686 4.464474
v -2.826589 -3.510118 4.151501
v -2.826589 -3.510118 4.464474
v -4.013213 -5.550510 -4.455517
v -4.013213 -5.550510 -4.142544
v -4.299906 -5.369943 -4.455518
v -4.299906 -5.369943 -4.142545
v -4.372762 -5.461913 -4.455518
v -4.372762 -5.461913 -4.142545
v -4.086069 -5.642479 -4.455517
v -4.086069 -5.642479 -4.142544
v -2.539896 -3.690687 -4.455518
v -2.539896 -3.690687 -4.142545
v -2.826589 -3.510120 -4.455518
v -2.826589 -3.510120 -4.142545
v -3.650645 -5.821733 7.632846
v -3.650645 -5.504368 7.632846
v -4.460915 -5.821733 7.632846
v -4.460914 -5.504368 7.632846
v -4.460915 -5.821733 8.355330
v -4.460914 -5.504367 8.355330
v -3.650645 -5.821733 8.355330
v -3.650645 -5.504368 8.355330
v -3.650645 -5.821736 -5.822113
v -3.650645 -5.504370 -5.822113
v -4.460915 -5.821735 -5.822113
v -4.460914 -5.504370 -5.822114
v -3.650645 -5.428859 -7.395363
v -3.650645 -5.129261 -7.290662
v -4.460915 -5.428859 -7.395364
v -4.460915 -5.129261 -7.290663
v -3.650645 -5.053840 -8.106041
v -3.650645 -4.948860 -8.042978
v -4.460915 -5.053840 -8.106041
v -4.460915 -4.948861 -8.042980
vn 0.5329 -0.8462 -0.0000
vn -0.9206 -0.3906 -0.0000
vn -0.8600 -0.5104 -0.0000
vn -0.5329 0.8462 -0.0000
vn 0.8600 0.5104 -0.0000
vn 0.9206 0.3906 -0.0000
vn -0.0000 -0.0000 -1.0000
vn -0.0000 -0.0000 1.0000
vn -0.7838 -0.6210 -0.0000
vn 0.7838 0.6210 -0.0000
vn -0.9223 -0.3864 -0.0000
vn -0.8611 -0.5084 -0.0000
vn 0.8611 0.5084 -0.0000
vn 0.9223 0.3864 -0.0000
vn -0.7839 -0.6210 -0.0000
vn -0.0000 -0.8040 0.5947
vn -0.0000 -0.9876 0.1570
vn -0.0000 -0.5149 0.8572
vn -1.0000 -0.0000 -0.0000
vn 1.0000 -0.0000 -0.0000
vn -0.0000 -1.0000 -0.0000
vn -0.0000 1.0000 -0.0000
vn -0.0000 0.9967 0.0813
vn -0.0000 0.9867 0.1626
vn -0.0000 -0.9965 -0.0831
vn -0.0000 -0.9861 -0.1661
vn -0.0000 0.9477 0.3192
vn -0.0000 0.9189 0.3944
vn -0.0000 -0.9701 -0.2427
vn -0.0000 -0.9713 -0.2380
vn -0.0000 0.8844 0.4667
vn 0.5329 0.8462 -0.0000
vn -0.7838 0.6210 -0.0000
vn -0.5329 -0.8462 -0.0000
vn 0.7838 -0.6210 -0.0000
vn -0.0000 0.8039 -0.5947
vn -0.0000 0.9876 -0.1570
vn -0.0000 0.5149 -0.8572
vn -0.0000 -0.9967 -0.0813
vn -0.0000 -0.9867 -0.1626
vn -0.0000 0.9965 0.0831
vn -0.0000 0.9861 0.1661
vn -0.0000 -0.9477 -0.3191
vn -0.0000 -0.9189 -0.3944
vn -0.0000 0.9701 0.2427
vn -0.0000 0.9713 0.2380
vn -0.0000 -0.8844 -0.4667
vt 0.794000 0.036000
vt 0.781993 0.036000
vt 0.781993 0.023993
vt 0.794000 0.023993
vt 0.781772 0.036154
vt 0.793779 0.036154
s 1
usemtl Palette
f 705/964/562 703/965/562 702/966/562
f 699/964/563 697/965/564 696/966/564
f 701/964/565 699/965/565 698/966/565
f 695/964/566 701/965/567 700/966/567
f 699/964/568 701/965/568 695/966/568
f 696/964/569 694/965/569 700/966/569
f 704/967/569 702/966/569 694/966/569
f 705/964/570 704/967/570 696/967/564
f 703/965/568 705/964/568 697/964/568
f 702/966/571 703/965/571 695/965/566
f 717/964/562 715/965/562 714/966/562
f 711/964/572 709/965/573 708/966/573
f 713/964/565 711/965/565 710/966/565
f 707/964/574 713/965/575 712/966/575
f 711/964/568 713/965/568 707/966/568
f 708/964/569 706/965/569 712/966/569
f 716/967/569 714/966/569 706/966/569
f 717/964/570 716/967/576 708/967/573
f 715/965/568 717/964/568 709/964/568
f 714/966/571 715/965/571 707/965/574
f 737/964/577 735/965/578 734/966/579
f 723/964/580 721/965/580 720/966/580
f 725/964/568 723/965/568 722/966/568
f 719/964/581 725/965/581 724/966/581
f 723/964/582 725/965/582 719/966/582
f 720/964/583 718/965/583 724/966/583
f 728/967/584 726/966/585 718/966/583
f 729/964/580 728/967/580 720/967/580
f 727/968/586 729/969/587 721/969/582
f 726/966/581 727/965/581 719/965/581
f 732/967/588 730/966/589 726/966/585
f 733/964/580 732/967/580 728/967/580
f 731/965/590 733/964/591 729/964/587
f 730/966/581 731/965/581 727/965/581
f 736/967/592 734/966/592 730/966/589
f 737/964/580 736/967/580 732/967/580
f 735/965/578 737/964/577 733/964/591
f 734/966/581 735/965/581 731/965/581
f 749/964/593 747/965/593 746/966/593
f 743/964/594 741/965/594 740/966/594
f 745/964/595 743/965/595 742/966/595
f 739/964/596 745/965/596 744/966/596
f 743/964/569 745/965/569 739/966/569
f 740/964/568 738/965/568 744/966/568
f 748/967/568 746/966/568 738/966/568
f 749/964/594 748/967/594 740/967/594
f 747/965/569 749/964/569 741/964/569
f 746/966/596 747/965/596 739/965/596
f 761/964/593 759/965/593 758/966/593
f 755/964/594 753/965/594 752/966/594
f 757/964/595 755/965/595 754/966/595
f 751/964/596 757/965/596 756/966/596
f 755/964/569 757/965/569 751/966/569
f 752/964/568 750/965/568 756/966/568
f 760/967/568 758/966/568 750/966/568
f 761/964/594 760/967/594 752/967/594
f 759/965/569 761/964/569 753/964/569
f 758/966/596 759/965/596 751/965/596
f 781/964/597 779/965/598 778/966/599
f 767/964/580 765/965/580 764/966/580
f 769/964/569 767/965/569 766/966/569
f 763/964/581 769/965/581 768/966/581
f 767/964/583 769/965/583 763/966/583
f 764/964/582 762/965/582 768/966/582
f 772/967/600 770/966/601 762/966/582
f 773/964/580 772/967/580 764/967/580
f 771/965/602 773/964/603 765/964/583
f 770/966/581 771/965/581 763/965/581
f 776/967/604 774/966/605 770/966/601
f 777/964/580 776/967/580 772/967/580
f 775/965/606 777/964/607 773/964/603
f 774/966/581 775/965/581 771/965/581
f 780/967/608 778/966/608 774/966/605
f 781/964/580 780/967/580 776/967/580
f 779/965/598 781/964/597 777/964/607
f 778/966/581 779/965/581 775/965/581
f 704/967/562 705/964/562 702/966/562
f 698/967/563 699/964/563 696/966/564
f 700/967/565 701/964/565 698/966/565
f 694/967/566 695/964/566 700/966/567
f 697/967/568 699/964/568 695/966/568
f 698/967/569 696/964/569 700/966/569
f 696/967/569 704/967/569 694/966/569
f 697/964/564 705/964/570 696/967/564
f 695/965/568 703/965/568 697/964/568
f 694/966/566 702/966/571 695/965/566
f 716/967/562 717/964/562 714/966/562
f 710/967/572 711/964/572 708/966/573
f 712/967/565 713/964/565 710/966/565
f 706/967/574 707/964/574 712/966/575
f 709/967/568 711/964/568 707/966/568
f 710/967/569 708/964/569 712/966/569
f 708/967/569 716/967/569 706/966/569
f 709/964/573 717/964/570 708/967/573
f 707/965/568 715/965/568 709/964/568
f 706/966/574 714/966/571 707/965/574
f 736/967/579 737/964/577 734/966/579
f 722/967/580 723/964/580 720/966/580
f 724/967/568 725/964/568 722/966/568
f 718/967/581 719/964/581 724/966/581
f 721/967/582 723/964/582 719/966/582
f 722/967/583 720/964/583 724/966/583
f 720/967/583 728/967/584 718/966/583
f 721/964/580 729/964/580 720/967/580
f 719/968/582 727/968/586 721/969/582
f 718/966/581 726/966/581 719/965/581
f 728/967/584 732/967/588 726/966/585
f 729/964/580 733/964/580 728/967/580
f 727/965/586 731/965/590 729/964/587
f 726/966/581 730/966/581 727/965/581
f 732/967/588 736/967/592 730/966/589
f 733/964/580 737/964/580 732/967/580
f 731/965/590 735/965/578 733/964/591
f 730/966/581 734/966/581 731/965/581
f 748/967/593 749/964/593 746/966/593
f 742/967/594 743/964/594 740/966/594
f 744/967/595 745/964/595 742/966/595
f 738/967/596 739/964/596 744/966/596
f 741/967/569 743/964/569 739/966/569
f 742/967/568 740/964/568 744/966/568
f 740/967/568 748/967/568 738/966/568
f 741/964/594 749/964/594 740/967/594
f 739/965/569 747/965/569 741/964/569
f 738/966/596 746/966/596 739/965/596
f 760/967/593 761/964/593 758/966/593
f 754/967/594 755/964/594 752/966/594
f 756/967/595 757/964/595 754/966/595
f 750/967/596 751/964/596 756/966/596
f 753/967/569 755/964/569 751/966/569
f 754/967/568 752/964/568 756/966/568
f 752/967/568 760/967/568 750/966/568
f 753/964/594 761/964/594 752/967/594
f 751/965/569 759/965/569 753/964/569
f 750/966/596 758/966/596 751/965/596
f 780/967/599 781/964/597 778/966/599
f 766/967/580 767/964/580 764/966/580
f 768/967/569 769/964/569 766/966/569
f 762/967/581 763/964/581 768/966/581
f 765/967/583 767/964/583 763/966/583
f 766/967/582 764/964/582 768/966/582
f 764/967/582 772/967/600 762/966/582
f 765/964/580 773/964/580 764/967/580
f 763/965/583 771/965/602 765/964/583
f 762/966/581 770/966/581 763/965/581
f 772/967/600 776/967/604 770/966/601
f 773/964/580 777/964/580 772/967/580
f 771/965/602 775/965/606 773/964/603
f 770/966/581 774/966/581 771/965/581
f 776/967/604 780/967/608 774/966/605
f 777/964/580 781/964/580 776/967/580
f 775/965/606 779/965/598 777/964/607
f 774/966/581 778/966/581 775/965/581
